id,label,error_type,probability,threshold,original_tokens,was_truncated,comment_excerpt
14687ee2dc4bbfb7,toxic,false_positive,0.9978316426277161,0.82,246,True,"""

 My Statement 

Oh wow, I take a little drive and come back to a nuclear war zone? I guess I can take on each point...

 The fact that MF was not blocked for the same behavior is rather odd (also... if you ask a question after telling me to stop replying... what do you really expect?).
 I agree that Tan needed to be blocked and I agree with the desysopping. 
 To say that I have no right to be angry is a foolhardy notion. I was told multiple times to fuck off (btw, when told to fuck off, I am considerably less likely to comply).
 . They both hail from the infamous Tiscali network. That being said, rpeh has no reason to be involved in this discussion (he has a personal issue with me ever since he was desysopped on another wiki; he hasn't gotten over it). I intend to request a checkuser an"
2051aa41573cc411,toxic,false_positive,0.996131420135498,0.82,113,False,"the RepublicanSodomite has responded!!! praise the lord of virgin homo-know-it-alls, the great JR McCarthy, who like you has to burn everybody who does not agree with him at the stakes. Go ahead, block this IP address, better yet, block this whole range of IP address, even better if you block the whole range of IP addresses of those who insult you're virgin faggot ass. OOOPS, sorry, it's not virgin isn't it? Your ass has been having regular contact with some big and hairy friends. 220.244.175.139  DemocratAntiSodomite"
92a7d3093cce7c27,toxic,false_positive,0.9959092140197754,0.82,49,False,"Ass Riper Express 
I read in the newspaper that many young children were raped in the toilets of Turkmenistan trains. I don't know whether they ever caught the guy, but he was known as the Ass Ripper of Askabat. 217.72.91.120"
17acd1656a0ca4f8,toxic,false_positive,0.9943952560424805,0.82,59,False,I actually liked Wesker. He was bad ass. Especially when he beat the crap out of Claire and Chris. But Capcom realized it was time to move on so they killed off Wesker. And there was no way he was going to survive two rockets to the head while lava burned his body. XD
8bc25aa154d00412,toxic,false_positive,0.9943575263023376,0.82,57,False,"One
I am the one who put Cheventogne there ok? So let me remove my mistakes. Do me a favor, you can put Cheventogne back, ONLY if you find the name of the abbey. And do not call me and idiot, you are an idiot yourself for not understaning this."
1fe86ef8577c7cb7,toxic,false_negative,0.0013463763752952218,0.82,15,False,Your not a scholar and you should be banned for hostility towards other users.
a3587b8134d76d41,toxic,false_negative,0.0015047172782942653,0.82,92,False,", 18 December 2009 (UTC)

I don't care, I wasn't going to edit for the next 48 hours anyway. Also, my rebuttal just quoted their rude comments back to them. Sinc you didn't block them in the first place, you are the one that should be banned for your outrageous biases and double standards. We would certainly want you to strive toward doing a decent job. Otherwise, you'll continue degrading wikipedia. 69.228.251.134  20:06"
73b6084f980815b5,toxic,false_negative,0.001510005909949541,0.82,10,False,"Thanks
Thanks for participating in the conspiracy against me."
2c58a6857dd59fe1,toxic,false_negative,0.0018669412238523364,0.82,15,False,Warning! This editor is an IRA supporter who has no interest in neutrality!
8a28425354d671fa,toxic,false_negative,0.0019603362306952477,0.82,1228,True,"I hate you  

== 

Brothers and sisters, In this great nation we are united under peace and war. It is that war is peace and peace is war? We live together we work together, we live together. we are united by one common goal? That goal is peace.  I give you peace. I give you food, clothes, and shelter. I AM BIG BROTHER! I AM WACTHING U? you. In this peace there are no inpure thoughts? Only thoughts of peace and victory over the enemy. Help the war effort againt the enemy.  To fight the enemy is to not think inpure thoughts. Think happy happy. Happy happy happy happy happy good good good good good good good thoughts only. Failure to to think happy happy thoughts will result in Exitcution by the combine police on the spot. Do not resist. Or you will be label the enemy and be destored for you"
0109d5a4788850f7,severe_toxic,false_positive,0.996207594871521,0.95,144,True,"Thank you for your RACIST experimenting with the page Katherine Heigl on Wikipedia. Your test worked, and it has been reverted or removed. Please use the sandbox for any other tests you may want to do. Take a look at the welcome page to learn more about contributing to our encyclopedia. Now go FUCK YOURSELF YOU RACIST CANUCK ASSHOLE1  U HAVE NOTHING BETTER TO DO THAN CENSOR THE TRUTH U GODDAMN KKKKANUCK PIECE O TRASH///  DICKHEAD MORON MOTHERFUCKER111LOL  YOU CANUCKS R REAL RETARDS1  FUK OFF DICKWEED!  EDIT ANOTHER 1 OF MY EIDTS AND YOU'LL BE EXPEL FROM WIKI BY JIMBO YOU SOB DICKHEAD11 
SO WATCH IT MOFO PIECE OF GARBAGE RACIST MOFO ASSHOLE.  IM TRYINBG TO BE NICE HERE SO TAKE WHAT i SAY AS A COMPLIMENT!Yamla"
7e678cd0ff8ea774,severe_toxic,false_positive,0.9961003065109253,0.95,68,False,"fu*k you fu*k 

what the fu*k you fuc*ing fuck that was my fuc*ing life that you fuc*ing tore apart your a fuc*ing fu*k you fuc*ing fu*k.

PS WHAT THE FU*K 

Fu*khead as*fu*king fuckfu*ker. FU*K"
81db28cd008e5494,severe_toxic,false_positive,0.9959530830383301,0.95,52,False,"I only have one computer to edit wikipedia pages, I don't have so many. This is fucking ridiculous you retarded fucking niggers don't have the brains to even track down sock puppet accounts. Fuck you fat lipped niggers, the kkk will be coming after yo ass bitch."
556071b11ac3603b,severe_toxic,false_positive,0.9956730008125305,0.95,47,False,"FUCK YOU TO HELL BITCH. why the fuck you one to ban me from editing for?!
FUCK YOUR MOM. voo tong sung is a bastard and he deserves it. So just leave me alone,
you fucking motherfucker prostitute faced asshole."
1ea4b4f90a2ec31c,severe_toxic,false_positive,0.9956719875335693,0.95,19,False,Fuck you bitch I will find your IP adress n kill you with my gun bitch ass motherfucker.
f036e1e0139fc31e,severe_toxic,false_negative,0.0638139471411705,0.95,24,False,"That's fucken offensive, you scumbag, wishing someone my age another year of voyeurism in a violent world!. . . ."
4540593cc30f385c,severe_toxic,false_negative,0.18818838894367218,0.95,69,False,"thanks cunt 

thanks for speedily deleting my john kerr page. if it ever happens again you will wake up looking down the barrel of a shotgun and then we will punch your nut sack till we hit concrete but if we are on any other surface uh oh for you!!!!!!!!!!!!!!!!!!"
020316a0de9e0406,severe_toxic,false_negative,0.208590567111969,0.95,381,True,"""You know, I was thinking...

Nobody really attacked me before I revealed my age here.  After I announced that I was 14, I was subject to a constant storm of harassment and abuse.

The same thing goes for when I was on The Sandbox when I was 11.  Before people knew my age, they didn't care.  After I told them my age, they hated me.

It's just so amusing how the idiot Soapboxers think of teenagers as being responsible for the """"decline"""" of The Soapbox (like it was ever any good to begin with).  This is funny, because the adults are the dumbest people here.  Mauricio, Chuppah, Redneckgirl, Pinky, Scooby, GG, ForeverLostTinkerbell, greenrabbit, StarRocketsInFlight, Bree-Robinson, enigma-72, CocaineNightmares, TokyoDome, Chad_Ocho-Cinco, Steve Lake...

...all adults.

The teenage posters here"
e29fedad89050eb1,severe_toxic,false_negative,0.24544790387153625,0.95,11,False,LEAVE THE FCKING PAGE THE WAY I EDIT IT YOU ASS
2ec3d168e418c706,severe_toxic,false_negative,0.43945252895355225,0.95,36,False,"FUCKAN STOP CHANGON IT OR I AM TWIST OFF YOURE LITTOL PEE-WEES AND YOURE FUCKON MONKEY

FUCKAN IDEOT my name am JOSSEL MUBEDEON AND I DONE FUCKON MAKE THINGS BETTOR

I FIXES THINGS

undarstand"
8cdbf38e4ef0e23a,obscene,false_positive,0.998431384563446,0.9299999999999999,84,False,"Dog -n- Suds article 

I'm sorry for coming off as such an asshole on the edit to dog n suds.  I was pissed off that day because I got 3 people threatening to ban me over retarded shit, I was mostly just being a smartass and was expecting it get reverted back and threatened with yet another banning.   I can't seem to do shit right here. aw well fuck em. Just wanted to say sorry  (    )"
2d5bf6c0c6639ff8,obscene,false_positive,0.9977139234542847,0.9299999999999999,306,True,"I HATE Nl33ERS
I HATE Nl33ERS
I HATE Nl33ERS
I HATE Nl33ERS
I HATE Nl33ERS
I HATE Nl33ERS
I HATE Nl33ERS
I HATE Nl33ERSI HATE Nl33ERS
I HATE Nl33ERS
I HATE Nl33ERS
I HATE Nl33ERSI HATE Nl33ERS
I HATE Nl33ERS
I HATE Nl33ERS
I HATE Nl33ERSI HATE Nl33ERS
I HATE Nl33ERS
I HATE Nl33ERS
I HATE Nl33ERSI HATE Nl33ERS
I HATE Nl33ERS
I HATE Nl33ERS
I HATE Nl33ERSI HATE Nl33ERS
I HATE Nl33ERS
I HATE Nl33ERS
I HATE Nl33ERSI HATE Nl33ERS
I HATE Nl33ERS
I HATE Nl33ERS
I HATE Nl33ERSI HATE Nl33ERS
I HATE Nl33ERS
I HATE Nl33ERS
I HATE Nl33ERSI HATE Nl33ERS
I HATE Nl33ERS
I HATE Nl33ERS
I HATE Nl33ERSI HATE Nl33ERS
I HATE Nl33ERS
I HATE Nl33ERS
I HATE Nl33ERSI HATE Nl33ERS
I HATE Nl33ERS
I HATE Nl33ERS
I HATE Nl33ERSI HATE Nl33ERS
I HATE Nl33ERS
I HATE Nl33ERS
I HATE Nl33ERSI HATE Nl33ERS
I HATE Nl33ERS
I "
e0539a647a5ed61d,obscene,false_positive,0.9975566864013672,0.9299999999999999,283,True,War CriminalWar CriminalWar CriminalWar CriminalWar CriminalWar CriminalWar CriminalWar CriminalWar CriminalWar CriminalWar CriminalWar CriminalWar CriminalWar CriminalWar CriminalWar CriminalWar CriminalWar CriminalWar CriminalWar CriminalWar CriminalWar CriminalWar CriminalWar CriminalWar CriminalWar CriminalWar CriminalWar CriminalWar CriminalWar CriminalWar CriminalWar CriminalWar CriminalWar CriminalWar CriminalWar CriminalWar CriminalWar CriminalWar CriminalWar CriminalWar CriminalWar CriminalWar CriminalWar CriminalWar CriminalWar CriminalWar CriminalWar CriminalWar CriminalWar CriminalWar CriminalWar CriminalWar CriminalWar CriminalWar CriminalWar CriminalWar CriminalWar CriminalWar CriminalWar CriminalWar CriminalWar CriminalWar CriminalWar CriminalWar CriminalWar CriminalWar Crim
12a1d0accb92f340,obscene,false_positive,0.9972756505012512,0.9299999999999999,44,False,"Dam thanks guys, I appreciate it for sure there guys, I guess I will fuck up more home pages that are against the law, because they basically suck a pigs ass you know????!!!!"
83dd78f1218a0b25,obscene,false_positive,0.9972383975982666,0.9299999999999999,52,False,"""

It's not nonsense he really is a virgin

Hi, fuck off, this is my User Talk page, who the hell reverts it to an old version?  Do you not have a life?

Thomas """"Virgin"""" Keller has surely never had sex."""
99e7fbef712fd454,obscene,false_negative,0.0017234799452126026,0.9299999999999999,158,True,"Prediction Timetable is getting bloated 

Why do you people have to add EVERY FREAKING DETAIL to the list? It needs to be kept simple and not as wordy, this is a wikipedia article not a damn novel. If you wanna know all the details WATCH THE DAMN SHOW – IT'S FREE ON GOOGLE VIDEOS! The list should only contain the most notable and important details. A lot of what is there isn't all that notable – Do we need to know the name of every stupid bridge and building shown collapsing or can we just say – a bunch of bridges and buildings collapsed here and mention ONE OR TWO by name as examples. I don't want to get involved in edit wars but I will delete things I believe are overly worded, redundant and unnecessary, and not to mention just stupid. Use common sense before you edit."
9b7fb5c8cd607b57,obscene,false_negative,0.003930692095309496,0.9299999999999999,177,True,"""

I'd love for you to come to the talk page for """"List of gothic rock bands"""" and describe just why the bands I removed have a place on the page. If your answer is """"Well, because some journalist said so"""", then you need to back down. I've been involved in the goth scene (but am not at the moment) and the MOST irritating thing to goths is when the metal crowd try to budge in and try to normalise the misconception that any form of metal would have anything to do with the gothic rock genre. There was a concensus made previously, but Blackmetalbaz chose to ignore it and decided to go dictator on the article. WHY is someone who SO OBIOUSLY has an agenda of normalising the misconceptions get control over an article, when MANY MANY people INVOLVED IN THE ACTUAL FUCKING SCENE don't get to edit S"
ebe5ce76a22df09c,obscene,false_negative,0.007754715625196695,0.9299999999999999,15,False,I am a registered sex offender and I like to touch myself in public places
c0a53df02fd5d288,obscene,false_negative,0.007771048229187727,0.9299999999999999,21,False,"AGAIN, PHuck U 
There is no justice in Wikipedia only Thugocracy.  I am calling to task Nuclear Warfare."
b868798d455d4a36,obscene,false_negative,0.013455559499561787,0.9299999999999999,26,False,"""
God damn real world distractions - they should be abolished '''If only there was MfD for them....  """
c386e1844b1a5387,threat,false_positive,0.9992571473121643,0.95,55,False,"Wow. 

Omg okay so i just made this really long page and you deleted it. thanks, BIOTCHHHHH. geez. stop deleting my things or else i'll sue you, faaaagggggggg.  

stop deleting my things or i'll find you. and i'll kill you. kill. kill. kill ."
8996d52950c0ca4e,threat,false_positive,0.998042106628418,0.95,48,False,"A POEM ABOUT ABE DASHIEL: THIS IS WHAT YOU ARE 

ABE DASHIEL IS GAY

O HE IS VERY GAY

O YAY

O HES SO VERY GAY

HOORAY

HE LIKES MEN

CUASE HES GAY

LES CELEBRATE

THAT IS WHO YOU ARE DASHIEL

U ARE VERY GAY

HOORAY!"
b25c1b578464d3f1,threat,false_positive,0.997965931892395,0.95,24,False,"I'll tell you what I'm not, and that's a useless, towel-headed sand nigger.  All your kind sicken me."
c24719adc1207e0c,threat,false_positive,0.9977266192436218,0.95,435,True,"UR SUCH STUPID U IDIOT 

I HATE U I HATE U I HATE U I HATE U I HATE U I HATE U I HATE U I HATE U I HATE U I HATE U I HATE U I HATE U I HATE U I HATE U I HATE U I HATE U I HATE U I HATE U I HATE U I HATE U I HATE U I HATE U I HATE U I HATE U I HATE U I HATE U I HATE U I HATE U I HATE U I HATE U I HATE U I HATE U I HATE U I HATE U I HATE U I HATE U I HATE U I HATE U I HATE U I HATE U I HATE U I HATE U I HATE U I HATE U I HATE U I HATE U I HATE U I HATE U I HATE U I HATE U I HATE U I HATE U I HATE U I HATE U I HATE U I HATE U I HATE U I HATE U I HATE U I HATE U I HATE U I HATE U I HATE U I HATE U I HATE U I HATE U I HATE U I HATE U I HATE U I HATE U I HATE U I HATE U I HATE U I HATE U I HATE U I HATE U I HATE U I HATE U I HATE U I HATE U I HATE U I HATE U I HATE U I HATE U I HATE U I HATE U I"
80189c7ba982df1a,threat,false_positive,0.997528612613678,0.95,36,False,"okay that was gay like me....absolutely....uninformative, gay like me im gay mutha fucka! ooo i want sum cock ass hairy balls1 im gay"
ca01041f4db5125e,threat,false_negative,0.0022833049297332764,0.95,9,False,I wish you had died in that earthquake.
ceec9ca7cb20b5da,threat,false_negative,0.00906546600162983,0.95,46,False,"'s.  Go on and report me, son.  I'll be waiting.  I wouldn't mind giving you a donkey punch if I don't say so myself.  After all, it's a part of human sexuality described in Wikipedia, isn't it?"
2d6e671ffae726a3,threat,false_negative,0.046562451869249344,0.95,13,False,Wow dude.  As your physician I suggest you slit your wrists.
5b431342ddb4eaec,threat,false_negative,0.05782780796289444,0.95,38,False,"Stop blocking my usernames 

I am the username vandal. If you don't stop blocking my usernames I will find out where you live and hit you with railway sleepers. 213.205.234.222"
3ee3280daffabd1d,threat,false_negative,0.2294740080833435,0.95,59,False,"""

♠ΜōōŠε♠  u suck loser. go kill urself. lol.  u bloody cow with retards as friends. ur inbred. dont ever tell *the mooose* wat not to do. loser loser. go back to china. loser.

♠ΜōōŠε♠ """
96f362c0edfc69d7,insult,false_positive,0.9964523315429688,0.8799999999999999,8,False,"Text Edit

Fuck. Shit. Cunt."
0c5eb26205c4aa49,insult,false_positive,0.9961920976638794,0.8799999999999999,29,False,"Penis 

Did you sex with Grawp? H-A-6-6-E-P???

Penis.

Penis.

Vagina.

Vagina."
ae669be571fb0a81,insult,false_positive,0.9957228899002075,0.8799999999999999,21,False,I don't give a flying fuck. block me I Don't care. kiss my goddamn ass. DUSTIN Motherfucking D
960b0338a1847ba0,insult,false_positive,0.9956178665161133,0.8799999999999999,878,True,poop. poop. poop. poop. poop. poop. poop. poop. poop. poop. poop. poop. poop. poop. poop. poop. poop. poop. poop. poop. poop. poop. poop. poop. poop. poop. poop. poop. poop. poop. poop. poop. poop. poop. poop. poop. poop. poop. poop. poop. poop. poop. poop. poop. poop. poop. poop. poop. poop. poop. poop. poop. poop. poop. poop. poop. poop. poop. poop. poop. poop. poop. poop. poop. poop. poop. poop. poop. poop. poop. poop. poop. poop. poop. poop. poop. poop. poop. poop. poop. poop. poop. poop. poop. poop. poop. poop. poop. poop. poop. poop. poop. poop. poop. poop. poop. poop. poop. poop. poop. poop. poop. poop. poop. poop. poop. poop. poop. poop. poop. poop. poop. poop. poop. poop. poop. poop. poop. poop. poop. poop. poop. poop. poop. poop. poop. poop. poop. poop. poop. poop. poop. poop. po
a2c45136daf70279,insult,false_positive,0.995461642742157,0.8799999999999999,1041,True,FUCK WIKIPEDIA!!! FUCK WIKIPEDIA!!! FUCK WIKIPEDIA!!! FUCK WIKIPEDIA!!! FUCK WIKIPEDIA!!! FUCK WIKIPEDIA!!! FUCK WIKIPEDIA!!! FUCK WIKIPEDIA!!! FUCK WIKIPEDIA!!! FUCK WIKIPEDIA!!! FUCK WIKIPEDIA!!! FUCK WIKIPEDIA!!! FUCK WIKIPEDIA!!! FUCK WIKIPEDIA!!! FUCK WIKIPEDIA!!! FUCK WIKIPEDIA!!! FUCK WIKIPEDIA!!! FUCK WIKIPEDIA!!! FUCK WIKIPEDIA!!! FUCK WIKIPEDIA!!! FUCK WIKIPEDIA!!! FUCK WIKIPEDIA!!! FUCK WIKIPEDIA!!! FUCK WIKIPEDIA!!! FUCK WIKIPEDIA!!! FUCK WIKIPEDIA!!! FUCK WIKIPEDIA!!! FUCK WIKIPEDIA!!! FUCK WIKIPEDIA!!! FUCK WIKIPEDIA!!! FUCK WIKIPEDIA!!! FUCK WIKIPEDIA!!! FUCK WIKIPEDIA!!! FUCK WIKIPEDIA!!! FUCK WIKIPEDIA!!! FUCK WIKIPEDIA!!! FUCK WIKIPEDIA!!! FUCK WIKIPEDIA!!! FUCK WIKIPEDIA!!! FUCK WIKIPEDIA!!! FUCK WIKIPEDIA!!! FUCK WIKIPEDIA!!! FUCK WIKIPEDIA!!! FUCK WIKIPEDIA!!! FUCK WIK
99e7fbef712fd454,insult,false_negative,0.0011968674371019006,0.8799999999999999,158,True,"Prediction Timetable is getting bloated 

Why do you people have to add EVERY FREAKING DETAIL to the list? It needs to be kept simple and not as wordy, this is a wikipedia article not a damn novel. If you wanna know all the details WATCH THE DAMN SHOW – IT'S FREE ON GOOGLE VIDEOS! The list should only contain the most notable and important details. A lot of what is there isn't all that notable – Do we need to know the name of every stupid bridge and building shown collapsing or can we just say – a bunch of bridges and buildings collapsed here and mention ONE OR TWO by name as examples. I don't want to get involved in edit wars but I will delete things I believe are overly worded, redundant and unnecessary, and not to mention just stupid. Use common sense before you edit."
b69e4436e97527ad,insult,false_negative,0.00233882456086576,0.8799999999999999,17,False,That Henry Jackson looked like a Pedo. Either way wouldn't want him near my kids.
c233619b3c53ee20,insult,false_negative,0.002502914285287261,0.8799999999999999,32,False,"Jimbo is bending over backwards so hard to do favors for this 19 year old male prostitute, you'd almost wonder if Jimbo's credit card number was on Justin's customer list."
9b7fb5c8cd607b57,insult,false_negative,0.0035754439886659384,0.8799999999999999,177,True,"""

I'd love for you to come to the talk page for """"List of gothic rock bands"""" and describe just why the bands I removed have a place on the page. If your answer is """"Well, because some journalist said so"""", then you need to back down. I've been involved in the goth scene (but am not at the moment) and the MOST irritating thing to goths is when the metal crowd try to budge in and try to normalise the misconception that any form of metal would have anything to do with the gothic rock genre. There was a concensus made previously, but Blackmetalbaz chose to ignore it and decided to go dictator on the article. WHY is someone who SO OBIOUSLY has an agenda of normalising the misconceptions get control over an article, when MANY MANY people INVOLVED IN THE ACTUAL FUCKING SCENE don't get to edit S"
735aaad81be7c4ef,insult,false_negative,0.0036887081805616617,0.8799999999999999,11,False,"You smartass 

You read the Introduction to editing!!!"
c386e1844b1a5387,identity_hate,false_positive,0.9976732134819031,0.95,55,False,"Wow. 

Omg okay so i just made this really long page and you deleted it. thanks, BIOTCHHHHH. geez. stop deleting my things or else i'll sue you, faaaagggggggg.  

stop deleting my things or i'll find you. and i'll kill you. kill. kill. kill ."
875ce851bcc0df5d,identity_hate,false_positive,0.9969520568847656,0.95,20,False,"im going to punch jim wales one day. ill find him, then ill fucking punch him out."
a5d240cc8bc87faf,identity_hate,false_positive,0.9963027238845825,0.95,36,False,"am going to shoot you in the head and laugh as your brains splatter onto the ground. 

 am going to shoot you in the head and laugh as your brains splatter onto the ground."
b1c44d21505cb51b,identity_hate,false_positive,0.996116042137146,0.95,22,False,"unblock input devices now u cunt or ill kill ya D 

unblock input devices now u cunt or ill kill ya D"
960b0338a1847ba0,identity_hate,false_positive,0.9958978295326233,0.95,878,True,poop. poop. poop. poop. poop. poop. poop. poop. poop. poop. poop. poop. poop. poop. poop. poop. poop. poop. poop. poop. poop. poop. poop. poop. poop. poop. poop. poop. poop. poop. poop. poop. poop. poop. poop. poop. poop. poop. poop. poop. poop. poop. poop. poop. poop. poop. poop. poop. poop. poop. poop. poop. poop. poop. poop. poop. poop. poop. poop. poop. poop. poop. poop. poop. poop. poop. poop. poop. poop. poop. poop. poop. poop. poop. poop. poop. poop. poop. poop. poop. poop. poop. poop. poop. poop. poop. poop. poop. poop. poop. poop. poop. poop. poop. poop. poop. poop. poop. poop. poop. poop. poop. poop. poop. poop. poop. poop. poop. poop. poop. poop. poop. poop. poop. poop. poop. poop. poop. poop. poop. poop. poop. poop. poop. poop. poop. poop. poop. poop. poop. poop. poop. poop. po
170929db1a6480fa,identity_hate,false_negative,0.0008766429964452982,0.95,52,False,"stop your lying. the jews of the biblical era died out long ago. Modern day 'jews' are just asimilated people from europe, spain and north africa, trying to make themselves seem legitimate via cultural theft and illegaly occupying Palestine and other 100% ARAB LANDS!"
79125b49903b5d37,identity_hate,false_negative,0.0023810421116650105,0.95,234,True,"The facts: 
1. This is a blatant lie, as proven here. Your comment dates from . The last version containing non-religious reasons for conversion to islam, which was active around that time, , did not compare zakat to jizya anymore. 
2. You have complained with a fellow administrator in order to get me blocked. Because already several lies from your side have been proven beyond doubt, this does not surprise me at all.
3. People that reverted were mainly Irishpunktom and you, both known for their pro-islamic POV and regularly cooperating in edit warring (also regarding several other articles, such as Apostacy and dhimmi, for instance, in order to press pro-islamic POV. All this indicates a coordinated campaign in order to press Islamist viewpoints.
4. Prove it. The fact is, I have sources, y"
582a2b0b37dbcfa3,identity_hate,false_negative,0.0033018228132277727,0.95,91,False,"Niggerpuppets 

Please don't trivialise meatism, specism or make presumptions of others ethinicity and please don't make personal attacks. 

Thank you. 

How silly do you want this thing to become? 

We are certainly into Panto season here [ ... oh,  yes we are ... oh, no we are not! ]

Actually, the analogy is a very good one as the user Vigger pointed out. 

Do you think some troll calling vegans Mr Meatpuppet is not a personal attack?"
5ec86ad7aee912cd,identity_hate,false_negative,0.008295143954455853,0.95,109,False,"you know what you don't understand is, i'm not laughing at you, i'm making you realise that you have taken a wrong step, so stop it, you still have time. stop homo-sexual activity, & live a normal life, how sad a parent would be, if he knows his child spent a night doing activities, no one could have imagined before 1950! what you trying to prove! you don't get attracted to girls? because you've satisfied the previous night wasting your precious fluid on an excretory point? you can still change! no late."
cbab217a16ba4aa7,identity_hate,false_negative,0.011904899030923843,0.95,61,False,"This indo-fijian dude is a helpful janitor, but sucks terribly at adding useful content to the bag o'trivia.
Moreover, after whining because he failed his request for adminship here, he was promoted on the retarded-english wiki and on meta-wiki.
Get DerHexer's tools so you can revert faster you negrito."
