method,layer,activation_second_moment
Zero,0,1.008495807647705
Zero,1,0.0
Zero,2,0.0
Zero,3,0.0
Zero,4,0.0
Zero,5,0.0
Zero,6,0.0
Zero,7,0.0
Zero,8,0.0
Zero,9,0.0
Zero,10,0.0
Zero,11,0.0
Zero,12,0.0
Random σ=0.01,0,1.008495807647705
Random σ=0.01,1,0.006690639536827803
Random σ=0.01,2,4.201203410048038e-05
Random σ=0.01,3,2.5954850002563035e-07
Random σ=0.01,4,2.0155126456700145e-09
Random σ=0.01,5,1.6252893128565482e-11
Random σ=0.01,6,7.186254629559796e-14
Random σ=0.01,7,4.778463844739027e-16
Random σ=0.01,8,2.5236114164329175e-18
Random σ=0.01,9,1.2749844499020559e-20
Random σ=0.01,10,6.790284324758145e-23
Random σ=0.01,11,4.256911367397647e-25
Random σ=0.01,12,2.239618480381229e-27
Random σ=1,0,1.008495807647705
Random σ=1,1,66.90640258789062
Random σ=1,2,4201.20361328125
Random σ=1,3,259548.515625
Random σ=1,4,20155130.0
Random σ=1,5,1625289600.0
Random σ=1,6,71862566912.0
Random σ=1,7,4778465165312.0
Random σ=1,8,252361222127616.0
Random σ=1,9,1.2749849862602752e+16
Random σ=1,10,6.790286945005076e+17
Random σ=1,11,4.256913638367324e+19
Random σ=1,12,2.2396196877555361e+21
Xavier,0,1.008495807647705
Xavier,1,0.5227062702178955
Xavier,2,0.25642111897468567
Xavier,3,0.12376237660646439
Xavier,4,0.07508370280265808
Xavier,5,0.04730214551091194
Xavier,6,0.016339650377631187
Xavier,7,0.008488256484270096
Xavier,8,0.0035022147931158543
Xavier,9,0.001382341026328504
Xavier,10,0.0005751595017500222
Xavier,11,0.0002816987980622798
Xavier,12,0.0001157855658675544
He,0,1.008495807647705
He,1,1.045412540435791
He,2,1.0256844758987427
He,3,0.9900990128517151
He,4,1.2013393640518188
He,5,1.5136688947677612
He,6,1.0457379817962646
He,7,1.086497187614441
He,8,0.896567165851593
He,9,0.7077588438987732
He,10,0.588963508605957
He,11,0.5769193768501282
He,12,0.4742579162120819
LeCun,0,1.008495807647705
LeCun,1,0.5227062702178955
LeCun,2,0.25642111897468567
LeCun,3,0.12376237660646439
LeCun,4,0.07508370280265808
LeCun,5,0.04730214551091194
LeCun,6,0.016339650377631187
LeCun,7,0.008488256484270096
LeCun,8,0.0035022147931158543
LeCun,9,0.001382341026328504
LeCun,10,0.0005751595017500222
LeCun,11,0.0002816987980622798
LeCun,12,0.0001157855658675544
