K,train_F1,test_F1
2,1.0,1.0
3,1.0,1.0
4,1.0,1.0
5,1.0,1.0
6,1.0,1.0
7,1.0,1.0
8,1.0,1.0
9,1.0,1.0
10,0.9992014055262738,0.9980806142034548
11,0.9995209963276385,0.9987212276214834
12,0.9990415335463259,0.9974391805377721
13,0.9990415335463259,0.9980806142034548
14,0.9990415335463259,0.9974391805377721
15,0.9993612264452252,0.9974391805377721
16,0.9990415335463259,0.9974391805377721
17,0.9990415335463259,0.9974391805377721
18,0.9985616109956849,0.9974391805377721
19,0.9988816104809075,0.9974391805377721
20,0.99744,0.9955099422706863
21,0.9976003839385699,0.9955099422706863
22,0.9971190781049936,0.9948652118100129
23,0.9971190781049936,0.9948652118100129
24,0.9963158737786321,0.9942196531791907
25,0.9959993598975836,0.9929441949967928
26,0.9950344385711998,0.9929441949967928
27,0.9950344385711998,0.9929441949967928
28,0.994228919525489,0.9929441949967928
29,0.994228919525489,0.9929441949967928
30,0.9939063502245029,0.9922978177150192
31,0.9940676607343274,0.9922978177150192
32,0.9939063502245029,0.9922978177150192
33,0.9940676607343274,0.9929441949967928
34,0.9934221081341248,0.9922978177150192
35,0.9935835739493102,0.9922978177150192
36,0.9929373996789728,0.9916506101477199
37,0.9932605905006419,0.9916506101477199
38,0.9932562620423893,0.9916506101477199
39,0.9932562620423893,0.9916506101477199
40,0.9929328621908127,0.9916506101477199
41,0.9932562620423893,0.9922978177150192
42,0.9929328621908127,0.9910025706940874
43,0.9930945880841496,0.9910025706940874
44,0.9930945880841496,0.9910025706940874
45,0.9926163723916533,0.9916506101477199
46,0.9922903951172503,0.9910025706940874
47,0.9922953451043338,0.9910025706940874
48,0.9919717405266538,0.9910025706940874
49,0.9913378248315688,0.9916506101477199
50,0.9918151179585941,0.9910025706940874
51,0.9914968714904541,0.9910141206675225
52,0.9911731664259349,0.9910141206675225
53,0.9881637875879719,0.9878438899552143
54,0.9860554576053855,0.9845956354300385
55,0.9860554576053855,0.9845956354300385
56,0.9860554576053855,0.9845956354300385
57,0.9860554576053855,0.9845956354300385
58,0.9857303190636524,0.9845956354300385
59,0.9857303190636524,0.9845956354300385
60,0.9857303190636524,0.9845956354300385
61,0.9854143292194262,0.9845956354300385
62,0.9854096520763187,0.9839434810533076
63,0.9852516832318051,0.9839434810533076
64,0.9852516832318051,0.9839434810533076
65,0.9852516832318051,0.9845956354300385
66,0.9850889850889851,0.9845956354300385
67,0.9852516832318051,0.9845956354300385
68,0.9852469531751122,0.9845956354300385
69,0.9850889850889851,0.9845956354300385
70,0.9850794160115515,0.9845956354300385
71,0.9852516832318051,0.9845956354300385
72,0.9850889850889851,0.9845956354300385
73,0.9850937650264465,0.9845956354300385
74,0.9852469531751122,0.9845956354300385
75,0.9849310676498878,0.9845956354300385
76,0.984921398780879,0.9845956354300385
77,0.9805174065793676,0.9820742637644047
78,0.9803545759463345,0.9820742637644047
79,0.9794225554314883,0.9801916932907349
80,0.9792597319719208,0.9801916932907349
81,0.9784791965566715,0.9783163265306123
82,0.9786352040816326,0.9776643267389917
83,0.9781673306772909,0.9770408163265306
84,0.9781673306772909,0.9770408163265306
85,0.9780114722753346,0.9770408163265306
86,0.9781673306772909,0.9770408163265306
87,0.9780114722753346,0.9770408163265306
88,0.9778415431213136,0.9770408163265306
89,0.977537039987255,0.9770408163265306
90,0.9776927979604844,0.9770408163265306
91,0.977537039987255,0.9770408163265306
92,0.9775298804780876,0.9770408163265306
93,0.9775298804780876,0.9770408163265306
94,0.9775298804780876,0.9763880025526483
95,0.977537039987255,0.9763880025526483
96,0.9775298804780876,0.9763880025526483
97,0.9775298804780876,0.9763880025526483
98,0.9770408163265306,0.9763880025526483
99,0.9773669110615237,0.9763880025526483
100,0.9772038896859557,0.9763880025526483
101,0.9770481351609819,0.9763880025526483
102,0.9768776909583798,0.9763880025526483
103,0.9768776909583798,0.9763880025526483
104,0.9768776909583798,0.9763880025526483
105,0.9768850629682767,0.9763880025526483
106,0.9767219387755102,0.9763880025526483
107,0.9767219387755102,0.9763880025526483
108,0.9763955342902711,0.9763880025526483
109,0.9765587625578058,0.9763880025526483
110,0.9765512840963471,0.9763880025526483
111,0.9767219387755102,0.9763880025526483
112,0.9762322539479981,0.9763880025526483
113,0.9765587625578058,0.9763880025526483
114,0.9765512840963471,0.9763880025526483
115,0.9767145135566189,0.9763880025526483
116,0.976380466007022,0.9763880025526483
117,0.9765512840963471,0.9763880025526483
118,0.976380466007022,0.9763880025526483
119,0.976380466007022,0.9763880025526483
120,0.9762094842727127,0.9770114942528736
121,0.9763729246487867,0.9770114942528736
122,0.9699029126213592,0.9735994848679974
123,0.9700695680310629,0.9742599742599742
124,0.9703835572099045,0.973565441650548
125,0.9703835572099045,0.973565441650548
126,0.9703547707759598,0.9729032258064516
127,0.9703547707759598,0.973565441650548
128,0.9704832954914044,0.9748224661071659
129,0.9706502351224258,0.9741935483870968
130,0.9706407137064071,0.9741602067183462
131,0.9706407137064071,0.9741602067183462
132,0.9706407137064071,0.9741602067183462
133,0.9706407137064071,0.9741602067183462
134,0.9706407137064071,0.9741602067183462
135,0.9706407137064071,0.9741602067183462
136,0.9706407137064071,0.9741602067183462
137,0.9706407137064071,0.9741602067183462
138,0.9704737183646982,0.9741267787839586
139,0.9704737183646982,0.9741267787839586
140,0.9703066688301152,0.9741267787839586
141,0.9703066688301152,0.97349709114415
142,0.9703066688301152,0.97349709114415
143,0.9703066688301152,0.97349709114415
144,0.9699724070767732,0.9728331177231565
145,0.9699724070767732,0.9722042663219134
146,0.9693032320935521,0.9715394566623544
147,0.9694706073400454,0.9715394566623544
148,0.9689683184402924,0.9715394566623544
149,0.9639683309096785,0.9665379665379665
150,0.963956683368353,0.9665379665379665
