K,train_F1,validation_F1,convergence_warnings
2,0.9997871887635668,1.0,0
3,0.9997871887635668,1.0,0
4,0.9997871887635668,1.0,0
5,0.9997871887635668,1.0,0
6,0.9995742869306088,1.0,0
7,0.9995742869306088,1.0,0
8,0.9991482112436116,1.0,0
9,0.9991482112436116,1.0,0
10,0.9989350372736954,1.0,0
11,0.9989350372736954,1.0,0
12,0.9989350372736954,1.0,0
13,0.9991482112436116,1.0,0
14,0.9989350372736954,1.0,0
15,0.9989350372736954,1.0,0
16,0.9989350372736954,1.0,0
17,0.9989350372736954,1.0,0
18,0.9989350372736954,1.0,0
19,0.9989350372736954,1.0,0
20,0.9989350372736954,1.0,0
21,0.9976600723250372,0.9961832061068703,0
22,0.997872340425532,0.9961832061068703,0
23,0.9976600723250372,0.9961832061068703,0
24,0.997872340425532,0.9961832061068703,0
25,0.9974478945129732,0.9961832061068703,0
26,0.9974478945129732,0.9961832061068703,0
27,0.9970238095238095,0.9961832061068703,0
28,0.9970238095238095,0.9961832061068703,0
29,0.996600084997875,0.9961832061068703,0
30,0.996600084997875,0.9961832061068703,0
31,0.996600084997875,0.9955499046408137,0
32,0.9968119022316685,0.9955499046408137,0
33,0.9963883577650308,0.9955499046408137,0
34,0.9968119022316685,0.9955499046408137,0
35,0.9957537154989384,0.9949174078780177,0
36,0.9959651730728393,0.9949174078780177,0
37,0.9955423476968797,0.9949174078780177,0
38,0.9955423476968797,0.9949174078780177,0
39,0.9951198811797157,0.9942857142857143,0
40,0.993838963246229,0.993006993006993,0
41,0.9936278674596432,0.993006993006993,0
42,0.9936278674596432,0.993006993006993,0
43,0.9936278674596432,0.9917460317460317,0
44,0.993838963246229,0.993006993006993,0
45,0.9949087823504454,0.9942857142857143,0
46,0.9949087823504454,0.9942857142857143,0
47,0.9949087823504454,0.9930247305009512,0
48,0.9949087823504454,0.9930247305009512,0
49,0.9949087823504454,0.9930247305009512,0
50,0.9949087823504454,0.9930247305009512,0
51,0.9946977730646872,0.9930247305009512,0
52,0.9946977730646872,0.9930247305009512,0
53,0.9946977730646872,0.9923954372623575,0
54,0.9949087823504454,0.9936548223350253,0
55,0.9946977730646872,0.9930247305009512,0
56,0.9949087823504454,0.9930247305009512,0
57,0.9946977730646872,0.9930247305009512,0
58,0.9946977730646872,0.9930247305009512,0
59,0.9944868532654793,0.9930247305009512,0
60,0.9944868532654793,0.9930247305009512,0
61,0.9942760228959084,0.9930247305009512,0
62,0.9944868532654793,0.9930247305009512,0
63,0.9942760228959084,0.9930247305009512,0
64,0.9923534409515717,0.9923857868020305,0
65,0.9908801696712619,0.991128010139417,0
66,0.9908801696712619,0.9911167512690355,0
67,0.9908801696712619,0.9904882688649335,0
68,0.9904519414385742,0.989192625556262,0
69,0.9904519414385742,0.98856416772554,0
70,0.9900233496073021,0.9885496183206107,0
71,0.9902376910016978,0.9879211697393515,0
72,0.9898089171974522,0.9879211697393515,0
73,0.9898089171974522,0.9879211697393515,0
74,0.9893797790994052,0.9879211697393515,0
75,0.9893797790994052,0.9879211697393515,0
76,0.9895899723815594,0.9879211697393515,0
77,0.9895899723815594,0.9872935196950444,0
78,0.9889455782312925,0.9872935196950444,0
79,0.9885252868678283,0.9872935196950444,0
80,0.9885204081632653,0.9866497139224412,0
81,0.9878903760356915,0.9860228716645489,0
82,0.9876753081172971,0.9860228716645489,0
83,0.9876805437553101,0.9853968253968254,0
84,0.9876805437553101,0.9853968253968254,0
85,0.9876805437553101,0.9853968253968254,0
86,0.9872503187420314,0.9853968253968254,0
87,0.9870405778627576,0.9853968253968254,0
88,0.9870405778627576,0.9853968253968254,0
89,0.9868309260832625,0.9853968253968254,0
90,0.9868309260832625,0.9853968253968254,0
91,0.9870460819706944,0.9853968253968254,0
92,0.9870405778627576,0.9853968253968254,0
93,0.9868309260832625,0.9853968253968254,0
94,0.9868253293667658,0.9853968253968254,0
95,0.9864061172472387,0.9853968253968254,0
96,0.9853285137146502,0.9847522236340533,0
97,0.9853285137146502,0.9847522236340533,0
98,0.9853222718570517,0.9841068022886205,0
99,0.9855380689068481,0.9841068022886205,0
100,0.9853222718570517,0.9841068022886205,0
101,0.9851127179923437,0.9841068022886205,0
102,0.9851063829787234,0.9841068022886205,0
103,0.9846873670778392,0.9841068022886205,0
104,0.9848904022132369,0.9841068022886205,0
105,0.9848968304616039,0.9841068022886205,0
106,0.9846808510638297,0.9841068022886205,0
107,0.9846808510638297,0.9841068022886205,0
108,0.9848904022132369,0.9841068022886205,0
109,0.9846808510638297,0.9841068022886205,0
110,0.9844647797403703,0.9841068022886205,0
111,0.9844647797403703,0.9841068022886205,0
112,0.9844647797403703,0.9847328244274809,0
113,0.9842553191489362,0.9847328244274809,0
114,0.9840391572675037,0.9847328244274809,0
115,0.9840459476707084,0.9847328244274809,0
116,0.9840459476707084,0.9847328244274809,0
117,0.9840459476707084,0.9841068022886205,0
118,0.9838297872340426,0.9841068022886205,0
119,0.9840459476707084,0.9841068022886205,0
120,0.9838297872340426,0.9841068022886205,0
121,0.9840459476707084,0.9841068022886205,0
122,0.9838297872340426,0.9841068022886205,0
123,0.9838297872340426,0.9841068022886205,0
124,0.9838297872340426,0.9841068022886205,0
125,0.9838297872340426,0.9841068022886205,0
126,0.9833971902937421,0.9841068022886205,0
127,0.983404255319149,0.9841068022886205,0
128,0.9833971902937421,0.9841068022886205,0
129,0.9836205062752605,0.9841068022886205,0
130,0.9838297872340426,0.9847328244274809,0
131,0.9838297872340426,0.9847328244274809,0
132,0.9838297872340426,0.9847328244274809,0
133,0.9836205062752605,0.9847328244274809,0
134,0.9836205062752605,0.9847328244274809,0
135,0.9836205062752605,0.9847328244274809,0
136,0.9838297872340426,0.9847328244274809,0
137,0.9838297872340426,0.9847328244274809,0
138,0.9836135347946372,0.9847328244274809,0
139,0.9836135347946372,0.9847328244274809,0
140,0.983180753672557,0.9847328244274809,0
141,0.983180753672557,0.9847328244274809,0
142,0.9827476038338658,0.9847328244274809,0
143,0.9827476038338658,0.9847328244274809,0
144,0.9823140848071596,0.9853596435391471,0
145,0.9823140848071596,0.9847328244274809,0
146,0.9823140848071596,0.9847328244274809,0
147,0.9823140848071596,0.9841068022886205,0
148,0.9823140848071596,0.9847328244274809,0
149,0.9821048146570089,0.9847328244274809,0
150,0.9823140848071596,0.9847328244274809,0
