learning_rate,train_F1,validation_F1,convergence_warnings
0.001,0.9391454466983168,0.9493914157591288,0
0.002,0.9424151267726687,0.9526854219948849,0
0.003,0.944908896034298,0.9533546325878595,0
0.004,0.9460385438972163,0.9540229885057471,0
0.005,0.9490364025695931,0.959079283887468,0
0.006,0.9517478018443063,0.9596412556053812,0
0.007,0.9527896995708155,0.9603580562659847,0
0.008,0.9500540540540541,0.9553975436328378,0
0.009,0.9506279774794283,0.9547218628719275,0
0.01,0.9507912421417732,0.9547218628719275,0
0.011,0.9505637467476149,0.9547218628719275,0
0.012,0.9505422993492407,0.9547218628719275,0
0.013,0.9511612763186456,0.9539857420609202,0
0.014,0.9617486338797814,0.9641283826305853,0
0.015,0.9621689785624212,0.9641283826305853,0
0.016,0.9619667997478462,0.9635220125786164,0
0.017,0.9619827767275783,0.9635220125786164,0
0.018,0.961611076148521,0.9623115577889447,0
0.019,0.961611076148521,0.9617074701820465,0
0.02,0.9612078003774376,0.9617074701820465,0
0.021,0.961659333752357,0.960551033187226,0
0.022,0.9623273336123901,0.9599499374217773,0
0.023,0.9634273772204807,0.9599499374217773,0
0.024,0.9630403006890791,0.96,0
0.025,0.9620358781810596,0.9600499375780275,0
0.026,0.9632446134347274,0.9639012032932236,0
0.027,0.9630567869959891,0.9639012032932236,0
0.028,0.9630567869959891,0.9645569620253165,0
0.029,0.9634944081029753,0.9645569620253165,0
0.03,0.9635098080573719,0.9639468690702088,0
0.031,0.9639620653319283,0.9639468690702088,0
0.032,0.9632246000415541,0.9570628500311139,0
0.033,0.9632246000415541,0.9559279950341403,0
0.034,0.9630245118404653,0.9553349875930521,0
0.035,0.9630245118404653,0.9553349875930521,0
0.036,0.9624247456923396,0.9553349875930521,0
0.037,0.962640099626401,0.9547427154370738,0
0.038,0.9624403403195684,0.9547427154370738,0
0.039,0.9622563251762754,0.9547427154370738,0
0.04,0.9624714907733776,0.9541511771995044,0
0.041,0.9622719734660033,0.9535603715170279,0
0.042,0.9622876087857439,0.9542079207920792,0
0.043,0.9618889809444905,0.9536178107606679,0
0.044,0.9621039552702423,0.9536178107606679,0
0.045,0.9627329192546584,0.9536178107606679,0
0.046,0.9627329192546584,0.9542645241038319,0
0.047,0.9627329192546584,0.9542645241038319,0
0.048,0.9627329192546584,0.9542645241038319,0
0.049,0.9625336369281722,0.9542645241038319,0
0.05,0.9625491413200911,0.9542645241038319,0
0.051,0.9621509824198552,0.9536751080914144,0
0.052,0.9619520264681555,0.9536751080914144,0
0.053,0.9619520264681555,0.9536751080914144,0
0.054,0.9619520264681555,0.9536751080914144,0
0.055,0.9619520264681555,0.9536751080914144,0
0.056,0.9621509824198552,0.9536751080914144,0
0.057,0.9621509824198552,0.9536751080914144,0
0.058,0.9617531527806492,0.9536751080914144,0
0.059,0.9621666322100475,0.9530864197530864,0
0.06,0.961967755270773,0.9530864197530864,0
0.061,0.9615702479338843,0.9530864197530864,0
0.062,0.9617847552158645,0.9536751080914144,0
0.063,0.9613875696882098,0.9536751080914144,0
0.064,0.9611890999174236,0.9536751080914144,0
0.065,0.9611890999174236,0.9536751080914144,0
0.066,0.9611890999174236,0.9537322640345466,0
0.067,0.9611890999174236,0.9537322640345466,0
0.068,0.961617829137433,0.9537322640345466,0
0.069,0.9612211221122112,0.9537322640345466,0
0.07,0.9612211221122112,0.9537322640345466,0
0.071,0.9616336633663366,0.9531442663378545,0
0.072,0.9616336633663366,0.9531442663378545,0
0.073,0.9612371134020619,0.9531442663378545,0
0.074,0.9614512471655329,0.9544334975369458,0
0.075,0.9614512471655329,0.955076923076923,0
0.076,0.9614512471655329,0.955076923076923,0
0.077,0.9614512471655329,0.955076923076923,0
0.078,0.9614512471655329,0.955076923076923,0
0.079,0.9614512471655329,0.955076923076923,0
0.08,0.9614512471655329,0.955076923076923,0
0.081,0.9614512471655329,0.955076923076923,0
0.082,0.9616494845360825,0.955076923076923,0
0.083,0.9616494845360825,0.955076923076923,0
0.084,0.9616494845360825,0.955076923076923,0
0.085,0.9616494845360825,0.9544895448954489,0
0.086,0.9616494845360825,0.9544895448954489,0
0.087,0.9616494845360825,0.9544895448954489,0
0.088,0.9616494845360825,0.9545454545454546,0
0.089,0.9614512471655329,0.9545454545454546,0
0.09,0.9614512471655329,0.9545454545454546,0
0.091,0.9616494845360825,0.9545454545454546,0
0.092,0.9614512471655329,0.9545454545454546,0
0.093,0.9614512471655329,0.9545454545454546,0
0.094,0.9616652926628194,0.9539594843462247,0
0.095,0.9616652926628194,0.9539594843462247,0
0.096,0.9614671337317123,0.9539594843462247,0
0.097,0.9614671337317123,0.9539594843462247,0
0.098,0.9614671337317123,0.9533742331288344,0
0.099,0.9614671337317123,0.9533742331288344,0
0.1,0.9614671337317123,0.9533742331288344,0
0.101,0.9614671337317123,0.9533742331288344,0
0.102,0.9614671337317123,0.9533742331288344,0
0.103,0.9616652926628194,0.9533742331288344,0
0.104,0.9618792499484855,0.9533742331288344,0
0.105,0.9618792499484855,0.9533742331288344,0
0.106,0.9618792499484855,0.9533742331288344,0
0.107,0.9618792499484855,0.9533742331288344,0
0.108,0.9618792499484855,0.9533742331288344,0
0.109,0.9616810877626699,0.9539594843462247,0
0.11,0.9614830072090628,0.9539594843462247,0
0.111,0.9612850082372323,0.9545454545454546,0
0.112,0.9614830072090628,0.9545454545454546,0
0.113,0.9614830072090628,0.9545454545454546,0
0.114,0.9614830072090628,0.9545454545454546,0
0.115,0.9614830072090628,0.9539594843462247,0
0.116,0.9614830072090628,0.9533742331288344,0
0.117,0.9614830072090628,0.9533742331288344,0
0.118,0.9614830072090628,0.9533742331288344,0
0.119,0.9614830072090628,0.9540159411404047,0
0.12,0.9522586169985013,0.9539641943734015,0
0.121,0.95203426124197,0.9539641943734015,0
0.122,0.9518304431599229,0.9539641943734015,0
0.123,0.9516267123287672,0.9539641943734015,0
0.124,0.9516267123287672,0.9539641943734015,0
0.125,0.9514230686924887,0.9539641943734015,0
0.126,0.9514230686924887,0.954632587859425,0
0.127,0.950974095482766,0.954632587859425,0
0.128,0.950974095482766,0.954632587859425,0
0.129,0.950974095482766,0.9552429667519181,0
0.13,0.9518716577540107,0.9552429667519181,0
0.131,0.9516474112109542,0.9552429667519181,0
0.132,0.9514438502673797,0.9545745361484325,0
0.133,0.9514438502673797,0.9539052496798975,0
0.134,0.951240376390077,0.9539052496798975,0
0.135,0.951240376390077,0.9539052496798975,0
0.136,0.9510160427807487,0.9539052496798975,0
0.137,0.9507916131792897,0.9539052496798975,0
0.138,0.9507916131792897,0.9539052496798975,0
0.139,0.9507916131792897,0.9539052496798975,0
0.14,0.9505670875240745,0.9539052496798975,0
0.141,0.9505670875240745,0.9539052496798975,0
0.142,0.9505670875240745,0.9539052496798975,0
0.143,0.9505670875240745,0.9539052496798975,0
0.144,0.9505670875240745,0.9539052496798975,0
0.145,0.9505670875240745,0.9539052496798975,0
0.146,0.9505670875240745,0.9539052496798975,0
0.147,0.9505670875240745,0.9539052496798975,0
0.148,0.9505670875240745,0.9539052496798975,0
0.149,0.9505670875240745,0.9539052496798975,0
0.15,0.9505670875240745,0.9539052496798975,0
0.151,0.9505670875240745,0.9539052496798975,0
0.152,0.9505670875240745,0.9539052496798975,0
0.153,0.9505670875240745,0.9539052496798975,0
0.154,0.9505670875240745,0.9539052496798975,0
0.155,0.9503424657534246,0.9539052496798975,0
0.156,0.9503424657534246,0.9539052496798975,0
0.157,0.9503424657534246,0.9532949456174025,0
0.158,0.9503424657534246,0.9532949456174025,0
0.159,0.9503424657534246,0.9532949456174025,0
0.16,0.9501177478056091,0.9532949456174025,0
0.161,0.9501177478056091,0.9532949456174025,0
0.162,0.9501177478056091,0.9532949456174025,0
0.163,0.9501177478056091,0.9532949456174025,0
0.164,0.9503424657534246,0.9532949456174025,0
0.165,0.9503424657534246,0.9532949456174025,0
0.166,0.9503424657534246,0.9532949456174025,0
0.167,0.9505670875240745,0.9532949456174025,0
0.168,0.9505670875240745,0.9532949456174025,0
0.169,0.9505670875240745,0.9532949456174025,0
0.17,0.9505670875240745,0.9532949456174025,0
0.171,0.9503637141634574,0.9532949456174025,0
0.172,0.9503637141634574,0.9532949456174025,0
0.173,0.9503637141634574,0.9532949456174025,0
0.174,0.9503637141634574,0.9532949456174025,0
0.175,0.9503637141634574,0.9526854219948849,0
0.176,0.9503637141634574,0.9526854219948849,0
0.177,0.9501604278074867,0.9526854219948849,0
0.178,0.9501604278074867,0.9526854219948849,0
0.179,0.9501604278074867,0.9526854219948849,0
0.18,0.9501604278074867,0.9526854219948849,0
0.181,0.9501604278074867,0.9526854219948849,0
0.182,0.9501604278074867,0.9526854219948849,0
0.183,0.9501604278074867,0.9526854219948849,0
0.184,0.9501604278074867,0.9526854219948849,0
0.185,0.9503849443969205,0.952076677316294,0
0.186,0.9503849443969205,0.952076677316294,0
0.187,0.9503849443969205,0.952076677316294,0
0.188,0.9501604278074867,0.952076677316294,0
0.189,0.9501604278074867,0.952076677316294,0
0.19,0.9501604278074867,0.952076677316294,0
0.191,0.9501604278074867,0.9514066496163683,0
0.192,0.9501604278074867,0.9514066496163683,0
0.193,0.9501604278074867,0.9514066496163683,0
0.194,0.9503637141634574,0.9514066496163683,0
0.195,0.9503637141634574,0.9514066496163683,0
0.196,0.9503637141634574,0.9514066496163683,0
0.197,0.9505882352941176,0.9514066496163683,0
0.198,0.9505882352941176,0.9514066496163683,0
0.199,0.9505670875240745,0.9514066496163683,0
0.2,0.9505670875240745,0.9514066496163683,0
0.201,0.9505670875240745,0.9514066496163683,0
0.202,0.9503424657534246,0.9514066496163683,0
0.203,0.9505670875240745,0.9514066496163683,0
0.204,0.9503637141634574,0.9514066496163683,0
0.205,0.9503637141634574,0.9514066496163683,0
0.206,0.9503637141634574,0.9514066496163683,0
0.207,0.9503637141634574,0.9514066496163683,0
0.208,0.9503637141634574,0.9514066496163683,0
0.209,0.9503637141634574,0.9514066496163683,0
0.21,0.9501604278074867,0.9514066496163683,0
0.211,0.9501604278074867,0.9514066496163683,0
0.212,0.9501817404319008,0.9514066496163683,0
0.213,0.9501817404319008,0.9514066496163683,0
0.214,0.9499572284003421,0.9514066496163683,0
0.215,0.9499572284003421,0.9514066496163683,0
0.216,0.9501604278074867,0.9507987220447285,0
0.217,0.9501604278074867,0.9507987220447285,0
0.218,0.9501604278074867,0.9507987220447285,0
0.219,0.9503849443969205,0.9501915708812261,0
0.22,0.9503849443969205,0.9501915708812261,0
0.221,0.9505882352941176,0.949520766773163,0
0.222,0.9505882352941176,0.949520766773163,0
0.223,0.9505882352941176,0.949520766773163,0
0.224,0.9503637141634574,0.949520766773163,0
0.225,0.9503637141634574,0.949520766773163,0
0.226,0.9503637141634574,0.949520766773163,0
0.227,0.9503637141634574,0.949520766773163,0
0.228,0.9503637141634574,0.949520766773163,0
0.229,0.9503637141634574,0.949520766773163,0
0.23,0.9503637141634574,0.949520766773163,0
0.231,0.9503637141634574,0.949520766773163,0
0.232,0.9503637141634574,0.949520766773163,0
0.233,0.9503637141634574,0.949520766773163,0
0.234,0.9505670875240745,0.949520766773163,0
0.235,0.9507916131792897,0.949520766773163,0
0.236,0.9507916131792897,0.949520766773163,0
0.237,0.9507916131792897,0.949520766773163,0
0.238,0.9507916131792897,0.949520766773163,0
0.239,0.9507916131792897,0.949520766773163,0
0.24,0.9507916131792897,0.949520766773163,0
0.241,0.9507916131792897,0.949520766773163,0
0.242,0.9510160427807487,0.949520766773163,0
0.243,0.9510160427807487,0.948849104859335,0
0.244,0.9510160427807487,0.948849104859335,0
0.245,0.9510160427807487,0.948849104859335,0
0.246,0.9510160427807487,0.948849104859335,0
0.247,0.9507916131792897,0.9482428115015974,0
0.248,0.9507916131792897,0.9482428115015974,0
0.249,0.9507916131792897,0.9482428115015974,0
0.25,0.9507916131792897,0.9482428115015974,0
0.251,0.9507916131792897,0.9482428115015974,0
0.252,0.9507916131792897,0.9482428115015974,0
0.253,0.9505670875240745,0.9482428115015974,0
0.254,0.9505670875240745,0.9489144316730523,0
0.255,0.9507705479452054,0.9489144316730523,0
0.256,0.9505459216441875,0.9489144316730523,0
0.257,0.9505459216441875,0.9489144316730523,0
0.258,0.9505459216441875,0.9489144316730523,0
0.259,0.9505459216441875,0.9489144316730523,0
0.26,0.9507494646680942,0.9489144316730523,0
0.261,0.9507494646680942,0.9489144316730523,0
0.262,0.9507494646680942,0.9489144316730523,0
0.263,0.9507494646680942,0.9489144316730523,0
0.264,0.9507494646680942,0.9489144316730523,0
0.265,0.9505247376311844,0.9489144316730523,0
0.266,0.9505247376311844,0.9489144316730523,0
0.267,0.9505247376311844,0.9489144316730523,0
0.268,0.9505247376311844,0.9489144316730523,0
0.269,0.9505247376311844,0.9489144316730523,0
0.27,0.9505247376311844,0.949520766773163,0
0.271,0.9507283633247644,0.949520766773163,0
0.272,0.9507283633247644,0.949520766773163,0
0.273,0.9507283633247644,0.949520766773163,0
0.274,0.9507283633247644,0.949520766773163,0
0.275,0.9507283633247644,0.949520766773163,0
0.276,0.9509320762802657,0.949520766773163,0
0.277,0.9509320762802657,0.949520766773163,0
0.278,0.9509320762802657,0.949520766773163,0
0.279,0.9509320762802657,0.949520766773163,0
0.28,0.9509320762802657,0.949520766773163,0
0.281,0.9509320762802657,0.949520766773163,0
0.282,0.9507072438919846,0.949520766773163,0
0.283,0.9509110396570204,0.9501278772378516,0
0.284,0.9509110396570204,0.9501278772378516,0
0.285,0.9511358765537934,0.9501278772378516,0
0.286,0.9511358765537934,0.9501278772378516,0
0.287,0.9511358765537934,0.9501278772378516,0
0.288,0.9509320762802657,0.9501278772378516,0
0.289,0.9509320762802657,0.9501278772378516,0
0.29,0.9509320762802657,0.9501278772378516,0
0.291,0.9505035354617527,0.9501278772378516,0
0.292,0.9505035354617527,0.9501278772378516,0
0.293,0.9505035354617527,0.9501278772378516,0
0.294,0.9505035354617527,0.9501278772378516,0
0.295,0.9502999143101971,0.9501278772378516,0
0.296,0.9502999143101971,0.9501278772378516,0
0.297,0.9502999143101971,0.9501278772378516,0
0.298,0.9502999143101971,0.9501278772378516,0
0.299,0.9505247376311844,0.9501278772378516,0
0.3,0.9502999143101971,0.9501278772378516,0
0.301,0.9502999143101971,0.9501278772378516,0
0.302,0.9502999143101971,0.9501278772378516,0
0.303,0.9502999143101971,0.9501278772378516,0
0.304,0.9502999143101971,0.9501278772378516,0
0.305,0.9505247376311844,0.9501278772378516,0
0.306,0.9505247376311844,0.9501278772378516,0
0.307,0.9505247376311844,0.9501278772378516,0
0.308,0.9505247376311844,0.9501278772378516,0
0.309,0.9505247376311844,0.9501278772378516,0
0.31,0.9505247376311844,0.9501278772378516,0
0.311,0.9505247376311844,0.9501278772378516,0
0.312,0.9505247376311844,0.9501278772378516,0
0.313,0.9505247376311844,0.9501278772378516,0
0.314,0.9505247376311844,0.9501278772378516,0
0.315,0.9505247376311844,0.9501278772378516,0
0.316,0.9505247376311844,0.9501278772378516,0
0.317,0.9505247376311844,0.9501278772378516,0
0.318,0.9502999143101971,0.9501278772378516,0
0.319,0.9502999143101971,0.9501278772378516,0
0.32,0.9500749946432397,0.9501278772378516,0
0.321,0.9500749946432397,0.9501278772378516,0
0.322,0.9500749946432397,0.9501278772378516,0
0.323,0.9500749946432397,0.9501278772378516,0
0.324,0.9502786112301758,0.9501278772378516,0
0.325,0.9502786112301758,0.9501278772378516,0
0.326,0.9502786112301758,0.9501278772378516,0
0.327,0.9502786112301758,0.9501278772378516,0
0.328,0.9502786112301758,0.9501278772378516,0
0.329,0.9502786112301758,0.9501278772378516,0
0.33,0.9502786112301758,0.9501278772378516,0
0.331,0.9502786112301758,0.9501278772378516,0
0.332,0.9502786112301758,0.9501278772378516,0
0.333,0.9502786112301758,0.9501278772378516,0
0.334,0.9500321681321038,0.9501278772378516,0
0.335,0.9500321681321038,0.9501278772378516,0
0.336,0.9500321681321038,0.9501278772378516,0
0.337,0.9500321681321038,0.9501278772378516,0
0.338,0.9500321681321038,0.9501278772378516,0
0.339,0.9502359502359502,0.9501278772378516,0
0.34,0.9502359502359502,0.9501278772378516,0
0.341,0.9502359502359502,0.9501278772378516,0
0.342,0.9502359502359502,0.9501278772378516,0
0.343,0.9502359502359502,0.9501278772378516,0
0.344,0.9502359502359502,0.9501278772378516,0
0.345,0.9502359502359502,0.9501278772378516,0
0.346,0.9502359502359502,0.9501278772378516,0
0.347,0.9502359502359502,0.9501278772378516,0
0.348,0.9502359502359502,0.9501278772378516,0
0.349,0.9502359502359502,0.9501278772378516,0
0.35,0.9500107273117356,0.949520766773163,0
0.351,0.9500107273117356,0.949520766773163,0
0.352,0.9500107273117356,0.949520766773163,0
0.353,0.9502359502359502,0.948849104859335,0
0.354,0.9502359502359502,0.948849104859335,0
0.355,0.9502359502359502,0.948849104859335,0
0.356,0.9502359502359502,0.948849104859335,0
0.357,0.9502359502359502,0.948849104859335,0
0.358,0.9504398197811629,0.948849104859335,0
0.359,0.9506649506649507,0.948849104859335,0
0.36,0.9506649506649507,0.948849104859335,0
0.361,0.9506649506649507,0.948849104859335,0
0.362,0.9510939510939511,0.948849104859335,0
0.363,0.9512980047200171,0.948849104859335,0
0.364,0.9512980047200171,0.948849104859335,0
0.365,0.9512980047200171,0.948849104859335,0
0.366,0.9512980047200171,0.948849104859335,0
0.367,0.9510939510939511,0.948849104859335,0
0.368,0.9512980047200171,0.948849104859335,0
0.369,0.9512980047200171,0.9482428115015974,0
0.37,0.9512980047200171,0.9482428115015974,0
0.371,0.9512980047200171,0.9482428115015974,0
0.372,0.9512980047200171,0.9482428115015974,0
0.373,0.9512980047200171,0.9482428115015974,0
0.374,0.9512980047200171,0.9482428115015974,0
0.375,0.9512980047200171,0.9482428115015974,0
0.376,0.9512980047200171,0.9482428115015974,0
0.377,0.9512980047200171,0.9482428115015974,0
0.378,0.9512980047200171,0.9489144316730523,0
0.379,0.9512980047200171,0.9489144316730523,0
0.38,0.9512980047200171,0.9489144316730523,0
0.381,0.9510729613733906,0.9495851946394385,0
0.382,0.95086891225059,0.9495851946394385,0
0.383,0.95086891225059,0.9495851946394385,0
0.384,0.95086891225059,0.9495851946394385,0
0.385,0.95086891225059,0.9495851946394385,0
0.386,0.95086891225059,0.9495851946394385,0
0.387,0.95086891225059,0.9495851946394385,0
0.388,0.95086891225059,0.9495851946394385,0
0.389,0.95086891225059,0.9495851946394385,0
0.39,0.95086891225059,0.9495851946394385,0
0.391,0.95086891225059,0.9495851946394385,0
0.392,0.95086891225059,0.9495851946394385,0
0.393,0.95086891225059,0.9495851946394385,0
0.394,0.95086891225059,0.9495851946394385,0
0.395,0.95086891225059,0.9495851946394385,0
0.396,0.95086891225059,0.9495851946394385,0
0.397,0.95086891225059,0.9495851946394385,0
0.398,0.95086891225059,0.9495851946394385,0
0.399,0.95086891225059,0.9495851946394385,0
0.4,0.95086891225059,0.9502551020408163,0
0.401,0.95086891225059,0.9502551020408163,0
0.402,0.95086891225059,0.9502551020408163,0
0.403,0.95086891225059,0.9502551020408163,0
0.404,0.9510729613733906,0.9502551020408163,0
0.405,0.9510729613733906,0.9502551020408163,0
0.406,0.9510729613733906,0.9502551020408163,0
0.407,0.9510729613733906,0.9502551020408163,0
0.408,0.9510729613733906,0.9502551020408163,0
0.409,0.9510729613733906,0.9502551020408163,0
0.41,0.9510729613733906,0.9495851946394385,0
0.411,0.9510729613733906,0.9495851946394385,0
0.412,0.9512770980897188,0.9495851946394385,0
0.413,0.9512770980897188,0.9495851946394385,0
0.414,0.9512770980897188,0.9495851946394385,0
0.415,0.9512770980897188,0.9489144316730523,0
0.416,0.9510519536281666,0.9489144316730523,0
0.417,0.9510519536281666,0.9489144316730523,0
0.418,0.9510519536281666,0.9489144316730523,0
0.419,0.9510519536281666,0.9489144316730523,0
0.42,0.9510519536281666,0.9489144316730523,0
0.421,0.9510519536281666,0.9489144316730523,0
0.422,0.9510519536281666,0.9489144316730523,0
0.423,0.9510519536281666,0.9489144316730523,0
0.424,0.9510519536281666,0.9489144316730523,0
0.425,0.9515021459227467,0.9489144316730523,0
0.426,0.9515021459227467,0.9489144316730523,0
0.427,0.9515021459227467,0.9489144316730523,0
0.428,0.9515021459227467,0.9489144316730523,0
0.429,0.9515021459227467,0.9489144316730523,0
0.43,0.9512770980897188,0.9489144316730523,0
0.431,0.9512770980897188,0.9489144316730523,0
0.432,0.9512770980897188,0.9489144316730523,0
0.433,0.9512770980897188,0.9489144316730523,0
0.434,0.9512770980897188,0.9489144316730523,0
0.435,0.9512770980897188,0.9489144316730523,0
0.436,0.9515021459227467,0.9489144316730523,0
0.437,0.9515021459227467,0.9489144316730523,0
0.438,0.9512980047200171,0.9489144316730523,0
0.439,0.9512980047200171,0.9489144316730523,0
0.44,0.9512980047200171,0.9489144316730523,0
0.441,0.9512980047200171,0.9489144316730523,0
0.442,0.9512980047200171,0.9489144316730523,0
0.443,0.9510729613733906,0.9482428115015974,0
0.444,0.9510729613733906,0.9482428115015974,0
0.445,0.9508478214209057,0.9482428115015974,0
0.446,0.9508478214209057,0.9482428115015974,0
0.447,0.9508478214209057,0.9482428115015974,0
0.448,0.9508478214209057,0.9482428115015974,0
0.449,0.9506225848003435,0.9482428115015974,0
0.45,0.9506225848003435,0.9489144316730523,0
0.451,0.9506225848003435,0.9489144316730523,0
0.452,0.9506225848003435,0.9489144316730523,0
0.453,0.9506225848003435,0.9489144316730523,0
0.454,0.9506225848003435,0.9489144316730523,0
0.455,0.950397251449431,0.9489144316730523,0
0.456,0.950397251449431,0.9489144316730523,0
0.457,0.950397251449431,0.9489144316730523,0
0.458,0.950397251449431,0.9489144316730523,0
0.459,0.950397251449431,0.9489144316730523,0
0.46,0.950397251449431,0.9489144316730523,0
0.461,0.950397251449431,0.9489144316730523,0
0.462,0.950397251449431,0.9489144316730523,0
0.463,0.950397251449431,0.9489144316730523,0
0.464,0.9506225848003435,0.9489144316730523,0
0.465,0.9506225848003435,0.9489144316730523,0
0.466,0.9506225848003435,0.9489144316730523,0
0.467,0.9506225848003435,0.9489144316730523,0
0.468,0.9506225848003435,0.9489144316730523,0
0.469,0.9506225848003435,0.9489144316730523,0
0.47,0.9506225848003435,0.9489144316730523,0
0.471,0.9506225848003435,0.9489144316730523,0
0.472,0.9508478214209057,0.9489144316730523,0
0.473,0.9508478214209057,0.9489144316730523,0
0.474,0.9508478214209057,0.9489144316730523,0
0.475,0.9506225848003435,0.9483088704530951,0
0.476,0.9506225848003435,0.9483088704530951,0
0.477,0.9506225848003435,0.9483088704530951,0
0.478,0.9506225848003435,0.9483088704530951,0
0.479,0.9506225848003435,0.9483088704530951,0
0.48,0.9506225848003435,0.9483088704530951,0
0.481,0.9508478214209057,0.9483088704530951,0
0.482,0.9508478214209057,0.9483088704530951,0
0.483,0.9508478214209057,0.9483088704530951,0
0.484,0.9508478214209057,0.9483088704530951,0
0.485,0.9508478214209057,0.9483088704530951,0
0.486,0.9508478214209057,0.9483088704530951,0
0.487,0.9508478214209057,0.9483088704530951,0
0.488,0.9508478214209057,0.9483088704530951,0
0.489,0.9508478214209057,0.9489795918367347,0
0.49,0.9508478214209057,0.9489795918367347,0
0.491,0.9508478214209057,0.9489795918367347,0
0.492,0.9508478214209057,0.9489795918367347,0
0.493,0.9506437768240343,0.9489795918367347,0
0.494,0.9506437768240343,0.9495851946394385,0
0.495,0.9506437768240343,0.9495851946394385,0
0.496,0.9506437768240343,0.9495851946394385,0
0.497,0.9506437768240343,0.9495851946394385,0
0.498,0.9506437768240343,0.9495851946394385,0
0.499,0.9506437768240343,0.9495851946394385,0
0.5,0.9506437768240343,0.9495851946394385,0
0.501,0.9506437768240343,0.9495851946394385,0
0.502,0.9506437768240343,0.9495851946394385,0
0.503,0.9506437768240343,0.9495851946394385,0
0.504,0.9506437768240343,0.9495851946394385,0
0.505,0.9506437768240343,0.9495851946394385,0
0.506,0.95086891225059,0.9495851946394385,0
0.507,0.95086891225059,0.9495851946394385,0
0.508,0.9510729613733906,0.9495851946394385,0
0.509,0.9515021459227467,0.9489144316730523,0
0.51,0.9519106912838128,0.949520766773163,0
0.511,0.9516856345286665,0.9501278772378516,0
0.512,0.9516648764769066,0.9501278772378516,0
0.513,0.9514396218306833,0.9507357645553423,0
0.514,0.9514396218306833,0.9507357645553423,0
0.515,0.9512142703632065,0.9513444302176697,0
0.516,0.9512142703632065,0.9513444302176697,0
0.517,0.9510098839707778,0.9513444302176697,0
0.518,0.9510098839707778,0.9506726457399103,0
0.519,0.9507844401461423,0.9506726457399103,0
0.52,0.9505588993981083,0.9506726457399103,0
0.521,0.950354609929078,0.9506726457399103,0
0.522,0.950354609929078,0.9506726457399103,0
0.523,0.950354609929078,0.9506726457399103,0
0.524,0.950354609929078,0.9506726457399103,0
0.525,0.950354609929078,0.9506726457399103,0
0.526,0.950354609929078,0.9506726457399103,0
0.527,0.9499247797120137,0.9506726457399103,0
0.528,0.9499247797120137,0.9506726457399103,0
0.529,0.9499247797120137,0.9506726457399103,0
0.53,0.9499247797120137,0.9506726457399103,0
0.531,0.9499247797120137,0.9506726457399103,0
0.532,0.9499247797120137,0.9506726457399103,0
0.533,0.9499247797120137,0.9506726457399103,0
0.534,0.9499247797120137,0.9506726457399103,0
0.535,0.9499247797120137,0.9506726457399103,0
0.536,0.9499247797120137,0.9506726457399103,0
0.537,0.9499247797120137,0.9506726457399103,0
0.538,0.9499247797120137,0.9506726457399103,0
0.539,0.9501504082509669,0.9506726457399103,0
0.54,0.9497206703910615,0.9506726457399103,0
0.541,0.9497206703910615,0.9506726457399103,0
0.542,0.9497206703910615,0.9506726457399103,0
0.543,0.9494949494949495,0.9506726457399103,0
0.544,0.9494949494949495,0.9506726457399103,0
0.545,0.9494949494949495,0.9506726457399103,0
0.546,0.9494949494949495,0.9506726457399103,0
0.547,0.9496990541702494,0.9506726457399103,0
0.548,0.9496990541702494,0.9506726457399103,0
0.549,0.9496990541702494,0.9506726457399103,0
0.55,0.9496990541702494,0.9506726457399103,0
0.551,0.9496990541702494,0.9506726457399103,0
0.552,0.9496990541702494,0.9506726457399103,0
0.553,0.9496990541702494,0.9506726457399103,0
0.554,0.9494732315631047,0.9506726457399103,0
0.555,0.9494732315631047,0.9506726457399103,0
0.556,0.9494732315631047,0.9506726457399103,0
0.557,0.9494732315631047,0.9506726457399103,0
0.558,0.9494732315631047,0.9513444302176697,0
0.559,0.9494732315631047,0.95,0
0.56,0.9494732315631047,0.95,0
0.561,0.9494732315631047,0.95,0
0.562,0.9494732315631047,0.95,0
0.563,0.9494732315631047,0.95,0
0.564,0.9492691315563199,0.95,0
0.565,0.9494949494949495,0.95,0
0.566,0.9492691315563199,0.95,0
0.567,0.9492691315563199,0.95,0
0.568,0.9492691315563199,0.95,0
0.569,0.9492691315563199,0.95,0
0.57,0.9492691315563199,0.95,0
0.571,0.9492691315563199,0.95,0
0.572,0.9492691315563199,0.95,0
0.573,0.9492691315563199,0.95,0
0.574,0.9492691315563199,0.95,0
0.575,0.9492691315563199,0.95,0
0.576,0.9492691315563199,0.95,0
0.577,0.9494732315631047,0.95,0
0.578,0.9494732315631047,0.95,0
0.579,0.9494732315631047,0.95,0
0.58,0.9494732315631047,0.9506093649775497,0
0.581,0.9494732315631047,0.9506093649775497,0
0.582,0.9494732315631047,0.9506093649775497,0
0.583,0.949247311827957,0.9506093649775497,0
0.584,0.9494732315631047,0.9506093649775497,0
0.585,0.949247311827957,0.9506093649775497,0
0.586,0.949247311827957,0.9506093649775497,0
0.587,0.949247311827957,0.9506093649775497,0
0.588,0.949247311827957,0.9506093649775497,0
0.589,0.949247311827957,0.9506093649775497,0
0.59,0.949247311827957,0.9506093649775497,0
0.591,0.949247311827957,0.9506093649775497,0
0.592,0.949247311827957,0.9506093649775497,0
0.593,0.949247311827957,0.9506093649775497,0
0.594,0.949247311827957,0.9506093649775497,0
0.595,0.949247311827957,0.9506093649775497,0
0.596,0.949247311827957,0.9506093649775497,0
0.597,0.949247311827957,0.9506093649775497,0
0.598,0.949247311827957,0.9506093649775497,0
0.599,0.949247311827957,0.9506093649775497,0
0.6,0.949247311827957,0.9506093649775497,0
0.601,0.949247311827957,0.9506093649775497,0
0.602,0.949247311827957,0.9506093649775497,0
0.603,0.949247311827957,0.9506093649775497,0
0.604,0.949247311827957,0.9506093649775497,0
0.605,0.949247311827957,0.9506093649775497,0
0.606,0.949247311827957,0.9506093649775497,0
0.607,0.949247311827957,0.9506093649775497,0
0.608,0.949247311827957,0.9506093649775497,0
0.609,0.949247311827957,0.9506093649775497,0
0.61,0.949247311827957,0.9506093649775497,0
0.611,0.949043216512578,0.95,0
0.612,0.9480017189514396,0.949326491340603,0
0.613,0.9484092863284609,0.9493914157591288,0
0.614,0.9501289767841788,0.9506726457399103,0
0.615,0.949247311827957,0.9506093649775497,0
0.616,0.9494514949451495,0.9506093649775497,0
0.617,0.9494514949451495,0.9506093649775497,0
0.618,0.9490212949021295,0.9506093649775497,0
0.619,0.9492254733218589,0.9506093649775497,0
0.62,0.9492254733218589,0.9506093649775497,0
0.621,0.9490212949021295,0.9506093649775497,0
0.622,0.9490212949021295,0.9506093649775497,0
0.623,0.9490212949021295,0.9506093649775497,0
0.624,0.949247311827957,0.9499358151476252,0
0.625,0.9489993544222078,0.9506093649775497,0
0.626,0.9490212949021295,0.9506093649775497,0
0.627,0.9489993544222078,0.9506093649775497,0
0.628,0.948475740661228,0.9493914157591288,0
0.629,0.949247311827957,0.9499358151476252,0
0.63,0.9495689655172413,0.95,0
0.631,0.9509530948811309,0.9483747609942639,0
0.632,0.949247311827957,0.9499358151476252,0
0.633,0.9494297396169572,0.9506093649775497,0
0.634,0.9490212949021295,0.9506093649775497,0
0.635,0.9518510592766959,0.9485060394151303,0
0.636,0.9490212949021295,0.9499358151476252,0
0.637,0.9485689692274586,0.9499358151476252,0
0.638,0.9487731381833836,0.9506093649775497,0
0.639,0.9494297396169572,0.9506093649775497,0
0.64,0.9489993544222078,0.9499358151476252,0
0.641,0.9516267123287672,0.9490445859872612,0
0.642,0.9491525423728814,0.948849104859335,0
0.643,0.9492254733218589,0.9499358151476252,0
0.644,0.9492254733218589,0.9506093649775497,0
0.645,0.9483204134366925,0.949326491340603,0
0.646,0.9489993544222078,0.9499358151476252,0
0.647,0.9500645716745587,0.9513444302176697,0
0.648,0.9483204134366925,0.9499358151476252,0
0.649,0.9487731381833836,0.9499358151476252,0
0.65,0.9485468245425188,0.9499358151476252,0
0.651,0.9487510766580534,0.9499358151476252,0
0.652,0.9487731381833836,0.9499358151476252,0
0.653,0.9485468245425188,0.9499358151476252,0
0.654,0.9498385360602799,0.9499358151476252,0
0.655,0.9513397642015006,0.9484404837683005,0
0.656,0.949364361129067,0.949326491340603,0
0.657,0.9485246607796683,0.9486521181001284,0
0.658,0.9485468245425188,0.9499358151476252,0
0.659,0.9489773950484391,0.9506093649775497,0
0.66,0.9485246607796683,0.9499358151476252,0
0.661,0.9509950781082817,0.9491094147582697,0
0.662,0.9480715363068304,0.949326491340603,0
0.663,0.9477306947730695,0.9500640204865557,0
0.664,0.9482277121374866,0.9474358974358974,0
0.665,0.9485468245425188,0.9499358151476252,0
0.666,0.9483204134366925,0.949326491340603,0
0.667,0.9506225848003435,0.9502551020408163,0
0.668,0.9515021459227467,0.9526248399487837,0
0.669,0.9491379310344827,0.9518304431599229,0
0.67,0.9483204134366925,0.95,0
0.671,0.9494514949451495,0.9499358151476252,0
0.672,0.950397251449431,0.9513444302176697,0
0.673,0.9499032466136315,0.9501278772378516,0
0.674,0.9492036160137753,0.949326491340603,0
0.675,0.948475740661228,0.9494561740243123,0
0.676,0.9489334195216548,0.9505459216441875,0
0.677,0.9495295124037639,0.9485060394151303,0
0.678,0.9495599914144667,0.9501278772378516,0
0.679,0.9501504082509669,0.9502551020408163,0
0.68,0.9488172043010753,0.9506726457399103,0
0.681,0.9507072438919846,0.9489144316730523,0
0.682,0.9485246607796683,0.9466923570969814,0
0.683,0.951993141877411,0.9483088704530951,0
0.684,0.9502145922746781,0.9507987220447285,0
0.685,0.9506937033084312,0.949238578680203,0
0.686,0.9489554167564075,0.949326491340603,0
0.687,0.9476180211252425,0.9505459216441875,0
0.688,0.949159844894442,0.9487179487179487,0
0.689,0.949290932531156,0.9507987220447285,0
0.69,0.9505376344086022,0.95,0
0.691,0.9493861727331466,0.95,0
0.692,0.9502145922746781,0.9483088704530951,0
0.693,0.9473233404710921,0.9478371501272265,0
0.694,0.9521767102723568,0.9507987220447285,0
0.695,0.9493344783168742,0.9501915708812261,0
0.696,0.9485689692274586,0.95,0
0.697,0.947594501718213,0.9500640204865557,0
0.698,0.9496774193548387,0.9493914157591288,0
0.699,0.9493861727331466,0.9506726457399103,0
0.7,0.9506093649775497,0.9511111111111111,0
0.701,0.9486404833836858,0.9504823151125402,0
0.702,0.9505801461108724,0.9508615188257817,0
0.703,0.9506225848003435,0.9501915708812261,0
0.704,0.94766314882619,0.9487179487179487,0
0.705,0.9454858866623572,0.9466923570969814,0
0.706,0.9502145922746781,0.9501915708812261,0
0.707,0.9502691065662002,0.9513444302176697,0
0.708,0.9453763440860216,0.9467607440667094,0
0.709,0.9515681672711755,0.949238578680203,0
0.71,0.9467328013802028,0.9486521181001284,0
0.711,0.9511831166062673,0.9485714285714286,0
0.712,0.9485024779142426,0.949326491340603,0
0.713,0.9492988133764833,0.9506093649775497,0
0.714,0.9506013745704467,0.9482428115015974,0
0.715,0.95005359056806,0.9477040816326531,0
0.716,0.9500645716745587,0.9506726457399103,0
0.717,0.9479369194210413,0.9491961414790997,0
0.718,0.953403478634314,0.9546904913848118,0
0.719,0.9481354479211316,0.9465648854961832,0
0.72,0.9468223086900129,0.9472329472329473,0
0.721,0.9520533218662653,0.9500640204865557,0
0.722,0.9480491485233886,0.9499358151476252,0
0.723,0.9502359502359502,0.947100063734863,0
0.724,0.9461388708630759,0.9470284237726099,0
0.725,0.948635289060821,0.9506726457399103,0
0.726,0.9477306947730695,0.9494561740243123,0
0.727,0.9457297297297297,0.9464861379754996,0
0.728,0.9493779493779494,0.9508615188257817,0
0.729,0.9485910948591095,0.95,0
0.73,0.9489270386266094,0.9495851946394385,0
0.731,0.9484314568113451,0.9455477258167841,0
0.732,0.9506649506649507,0.9508615188257817,0
0.733,0.9472318339100346,0.9470967741935484,0
0.734,0.9490870032223415,0.9481765834932822,0
0.735,0.9509530948811309,0.9464968152866242,0
0.736,0.947481243301179,0.9458943348185869,0
0.737,0.9496032597040532,0.9477040816326531,0
0.738,0.9473457056538628,0.9453376205787781,0
0.739,0.9486847779215178,0.9499358151476252,0
0.74,0.9461439034898751,0.9462227912932138,0
0.741,0.9464668094218416,0.9447619047619048,0
0.742,0.9458530296519123,0.9481101857783472,0
0.743,0.9493944636678201,0.9485199485199485,0
0.744,0.9481865284974094,0.9473007712082262,0
0.745,0.950452391210685,0.9485199485199485,0
0.746,0.9486521181001284,0.9459631277813096,0
0.747,0.9487454428479519,0.9483088704530951,0
0.748,0.9485420240137221,0.9470325462667517,0
0.749,0.9475043029259896,0.9513444302176697,0
0.75,0.9479793637145314,0.9481765834932822,0
0.751,0.9479369194210413,0.9491961414790997,0
0.752,0.9499136442141624,0.9517684887459807,0
0.753,0.946236559139785,0.9481101857783472,0
0.754,0.9483870967741935,0.9494561740243123,0
0.755,0.9503759398496241,0.9521378430121251,0
0.756,0.9458064516129032,0.9461538461538461,0
0.757,0.9472083423854009,0.9496774193548387,0
0.758,0.9523400601116359,0.9520153550863724,0
0.759,0.9458935115326579,0.9461538461538461,0
0.76,0.9520753102267865,0.9484404837683005,0
0.761,0.9477998274374461,0.9460154241645244,0
0.762,0.9447932452911886,0.9471649484536082,0
0.763,0.9491379310344827,0.9506093649775497,0
0.764,0.9485420240137221,0.9464968152866242,0
0.765,0.9494297396169572,0.9557408595253367,0
0.766,0.9452262394457674,0.9470284237726099,0
0.767,0.947594501718213,0.9489795918367347,0
0.768,0.9482277121374866,0.9475032010243278,0
0.769,0.9472318339100346,0.9445876288659794,0
0.77,0.948823148348089,0.9498069498069498,0
0.771,0.9457130547177941,0.9460847240051348,0
0.772,0.9537214757944125,0.9531051964512041,0
0.773,0.9478672985781991,0.9518922386144965,0
0.774,0.9476856835306782,0.9474358974358974,0
0.775,0.9484802759215348,0.9513444302176697,0
0.776,0.949159844894442,0.9506093649775497,0
0.777,0.947345890410959,0.9484404837683005,0
0.778,0.9468474284484614,0.9500640204865557,0
0.779,0.9517478018443063,0.9502551020408163,0
0.78,0.9448886967797709,0.9459459459459459,0
0.781,0.9487510766580534,0.9512195121951219,0
0.782,0.9477306947730695,0.9526854219948849,0
0.783,0.952953813104189,0.9552429667519181,0
0.784,0.9501177478056091,0.9477040816326531,0
0.785,0.9541559554413025,0.9521988527724665,0
0.786,0.9516267123287672,0.9535327816677276,0
0.787,0.9473002159827214,0.9478428847392144,0
0.788,0.9493779493779494,0.9464285714285714,0
0.789,0.9466637875188945,0.9471649484536082,0
0.79,0.9457700650759219,0.9517063747585319,0
0.791,0.9466437177280551,0.9487179487179487,0
0.792,0.952931108258451,0.9522597071928708,0
0.793,0.9495383293966072,0.9526248399487837,0
0.794,0.9524424359802023,0.9525641025641025,0
0.795,0.9536878216123499,0.9509241555130656,0
0.796,0.9445876288659794,0.9474358974358974,0
0.797,0.9482312338222606,0.9504185447520928,0
0.798,0.9478693489076357,0.9504185447520928,0
0.799,0.9463667820069204,0.9464861379754996,0
0.8,0.9475268817204301,0.9466923570969814,0
0.801,0.9452907101480369,0.9489795918367347,0
0.802,0.9482535575679172,0.9498714652956298,0
0.803,0.9523198631601454,0.9464968152866242,0
0.804,0.9522790498609031,0.9530456852791879,0
0.805,0.9476643598615917,0.9464170432537121,0
0.806,0.9453293155402497,0.9454778704297627,0
0.807,0.9491817398794143,0.9518922386144965,0
0.808,0.9469387755102041,0.944337811900192,0
0.809,0.9528080290412129,0.9525015832805573,0
0.81,0.947824204373241,0.9465550547327752,0
0.811,0.9449978345604158,0.9452672247263362,0
0.812,0.9467071057192374,0.9457364341085271,0
0.813,0.9484092863284609,0.9513444302176697,0
0.814,0.9471195184866724,0.9455477258167841,0
0.815,0.9518716577540107,0.9517766497461929,0
0.816,0.9506225848003435,0.9532949456174025,0
0.817,0.9488893681259435,0.9505459216441875,0
0.818,0.9475275318505723,0.9525641025641025,0
0.819,0.9458823529411765,0.9453621346886912,0
0.82,0.9476405946994182,0.9506093649775497,0
0.821,0.9482054588437567,0.9481101857783472,0
0.822,0.9475487047741383,0.9477707006369427,0
0.823,0.9462596732588134,0.9501915708812261,0
0.824,0.9476180211252425,0.945407835581246,0
0.825,0.9489773950484391,0.9500640204865557,0
0.826,0.9470956596847333,0.9491961414790997,0
0.827,0.948051948051948,0.9484536082474226,0
0.828,0.9467328013802028,0.9512820512820512,0
0.829,0.9461805555555556,0.9485199485199485,0
0.83,0.9446478569890158,0.9467607440667094,0
0.831,0.9481162540365985,0.9479768786127167,0
0.832,0.9525026624068158,0.9519595448798989,0
0.833,0.9467071057192374,0.9504185447520928,0
0.834,0.9495510902094912,0.9485060394151303,0
0.835,0.9481354479211316,0.9469648562300319,0
0.836,0.9455941967143162,0.9447619047619048,0
0.837,0.9490145672664952,0.948849104859335,0
0.838,0.9474139796580827,0.9498069498069498,0
0.839,0.9525241675617615,0.9531751122514432,0
0.84,0.9455488331892826,0.9452672247263362,0
0.841,0.9419633225458468,0.945617402431222,0
0.842,0.9505163511187608,0.9519538757206919,0
0.843,0.950917626973965,0.9498412698412698,0
0.844,0.942518837459634,0.9444089456869009,0
0.845,0.9513028620247758,0.9483747609942639,0
0.846,0.952848303819074,0.9498412698412698,0
0.847,0.9445048966267682,0.9455958549222798,0
0.848,0.9445762346344619,0.9473007712082262,0
0.849,0.9464285714285714,0.9483204134366925,0
0.85,0.9460455037919827,0.9504185447520928,0
0.851,0.953622568924984,0.9541984732824428,0
0.852,0.9508125677139762,0.9536679536679536,0
0.853,0.9433470805296288,0.9483870967741935,0
0.854,0.9539121114683816,0.9534735500318674,0
0.855,0.9486234554519836,0.9521963824289406,0
0.856,0.9522785898538263,0.9513444302176697,0
0.857,0.9488513220632857,0.9524421593830334,0
0.858,0.9464825205006474,0.9459459459459459,0
0.859,0.9462827675118178,0.9481101857783472,0
0.86,0.9486740804106074,0.9516539440203562,0
0.861,0.9467787114845938,0.9481765834932822,0
0.862,0.9435919602334126,0.9479768786127167,0
0.863,0.9507283633247644,0.9489795918367347,0
0.864,0.9499352611135089,0.9510939510939511,0
0.865,0.9499677904230192,0.9532949456174025,0
0.866,0.9471195184866724,0.9487179487179487,0
0.867,0.9447192944719295,0.9481765834932822,0
0.868,0.9473229706390328,0.9491307147456536,0
0.869,0.9434369602763385,0.9433719433719434,0
0.87,0.9451640759930915,0.9485861182519281,0
0.871,0.9483829513814521,0.9482428115015974,0
0.872,0.9534883720930233,0.9557408595253367,0
0.873,0.9491817398794143,0.9512820512820512,0
0.874,0.9430230058052032,0.9461538461538461,0
0.875,0.9490280777537797,0.9466923570969814,0
0.876,0.9453917548025038,0.9485861182519281,0
0.877,0.9458762886597938,0.9474358974358974,0
0.878,0.9474136080704014,0.9501278772378516,0
0.879,0.9460669366872735,0.9479695431472082,0
0.88,0.9442426831873532,0.9454314720812182,0
0.881,0.946548366154512,0.9520153550863724,0
0.882,0.9488893681259435,0.9512820512820512,0
0.883,0.946617678841582,0.9497422680412371,0
0.884,0.9508406043839115,0.9499683343888538,0
0.885,0.945840554592721,0.9463477698771816,0
0.886,0.9513814521310773,0.9489144316730523,0
0.887,0.9468016368727116,0.9513444302176697,0
0.888,0.9479121825226001,0.9532949456174025,0
0.889,0.9472774416594641,0.95,0
0.89,0.9455252918287937,0.944516129032258,0
0.891,0.9488392089423904,0.9508615188257817,0
0.892,0.9435518888406427,0.9463477698771816,0
0.893,0.94586401039411,0.9465550547327752,0
0.894,0.944290288153682,0.9424414927261227,0
0.895,0.9510729613733906,0.9539641943734015,0
0.896,0.943864229765013,0.9469598965071151,0
0.897,0.9446240034475328,0.9467607440667094,0
0.898,0.9420916162489196,0.9440514469453376,0
0.899,0.9517002382499459,0.9569131832797427,0
0.9,0.9485640805829404,0.9474358974358974,0
0.901,0.9513560051657339,0.9526248399487837,0
0.902,0.9491379310344827,0.9486521181001284,0
0.903,0.9462738301559792,0.9497422680412371,0
0.904,0.9421841541755889,0.94723458359822,0
0.905,0.9494213459065581,0.9494561740243123,0
0.906,0.952769428939459,0.9571884984025559,0
0.907,0.9461950696677385,0.9481101857783472,0
0.908,0.9503239740820735,0.9537869062901155,0
0.909,0.9463667820069204,0.9511568123393316,0
0.91,0.9493861727331466,0.9531751122514432,0
0.911,0.9502930323420882,0.9509043927648578,0
0.912,0.946763202725724,0.9499048826886494,0
0.913,0.9455562728642135,0.95,0
0.914,0.9454157782515992,0.9467680608365019,0
0.915,0.9471195184866724,0.9474358974358974,0
0.916,0.9514353550615152,0.9532351057014734,0
0.917,0.9535737421723169,0.9551856594110115,0
0.918,0.9456896551724138,0.9455477258167841,0
0.919,0.943078913324709,0.9466923570969814,0
0.92,0.9477306947730695,0.9501915708812261,0
0.921,0.9487179487179487,0.9540453074433657,0
0.922,0.9402888553567579,0.9462915601023018,0
0.923,0.9427083333333334,0.9464170432537121,0
0.924,0.9458530296519123,0.9507987220447285,0
0.925,0.9453599306157849,0.9489334195216548,0
0.926,0.9527070404451102,0.9503184713375796,0
0.927,0.9459634015069968,0.9480436177036562,0
0.928,0.9420568740645713,0.9404309252217997,0
0.929,0.9406236651003844,0.9380982769623485,0
0.93,0.9466608846487424,0.9517684887459807,0
0.931,0.9538793103448275,0.9487179487179487,0
0.932,0.9465126230209671,0.9468354430379747,0
0.933,0.9476180211252425,0.9550706033376123,0
0.934,0.9400129004515158,0.9395886889460154,0
0.935,0.9522176987358046,0.9553001277139208,0
0.936,0.9461902712010332,0.9481765834932822,0
0.937,0.945719802617464,0.9481101857783472,0
0.938,0.9474370112945265,0.9461388708630759,0
0.939,0.9501289767841788,0.9552429667519181,0
0.94,0.9477336803296464,0.9497422680412371,0
0.941,0.9516887558785806,0.951715374841169,0
0.942,0.9490296438473022,0.9499683343888538,0
0.943,0.9496774193548387,0.9525641025641025,0
0.944,0.9443602511366097,0.9511568123393316,0
0.945,0.9482054588437567,0.9545745361484325,0
0.946,0.949247311827957,0.9467607440667094,0
0.947,0.9458701746819064,0.9454778704297627,0
0.948,0.9466923570969814,0.9489795918367347,0
0.949,0.9445752193451744,0.9470325462667517,0
0.95,0.9438830359062568,0.9475703324808185,0
0.951,0.948905109489051,0.9540229885057471,0
0.952,0.9499136442141624,0.9537869062901155,0
0.953,0.9481417458945549,0.9498069498069498,0
0.954,0.9449740034662045,0.9458064516129032,0
0.955,0.9459108610990913,0.9479099678456592,0
0.956,0.9438543247344461,0.9512195121951219,0
0.957,0.9525043177892919,0.9545163356822549,0
0.958,0.9442171010122765,0.9486521181001284,0
0.959,0.949730312837109,0.9532351057014734,0
0.96,0.9463560589869631,0.9491094147582697,0
0.961,0.9429193899782136,0.9488673139158577,0
0.962,0.9500107273117356,0.9509241555130656,0
0.963,0.9472090004327132,0.9504185447520928,0
0.964,0.944851357173632,0.9487179487179487,0
0.965,0.9476180211252425,0.9498069498069498,0
0.966,0.9466207490314249,0.9447300771208226,0
0.967,0.9491235570756734,0.9529262086513995,0
0.968,0.9481608948160895,0.95,0
0.969,0.9489207095533233,0.9509241555130656,0
0.97,0.9474364498061181,0.9525641025641025,0
0.971,0.9515060884426405,0.9554140127388535,0
0.972,0.9482277121374866,0.9518922386144965,0
0.973,0.9479793637145314,0.9512820512820512,0
0.974,0.9466437177280551,0.9487836107554417,0
0.975,0.9503361526783778,0.9523195876288659,0
0.976,0.9501187648456056,0.9537869062901155,0
0.977,0.9468911917098446,0.9485861182519281,0
0.978,0.9437229437229437,0.9425435765009683,0
0.979,0.9480744266551276,0.9498069498069498,0
0.98,0.9470967741935484,0.9479768786127167,0
0.981,0.9424216765453006,0.9469026548672567,0
0.982,0.9445876288659794,0.9439490445859873,0
0.983,0.9473456121343445,0.950354609929078,0
0.984,0.9494561740243123,0.9522597071928708,0
0.985,0.9493506493506494,0.9548969072164949,0
0.986,0.9457831325301205,0.9483747609942639,0
0.987,0.9459048446665218,0.9457364341085271,0
0.988,0.9448410123296561,0.9491307147456536,0
0.989,0.9431380932022232,0.9440914866581956,0
0.99,0.9504398197811629,0.9500640204865557,0
0.991,0.9378555798687089,0.9436163318211277,0
0.992,0.9422952236870542,0.9473684210526315,0
0.993,0.9489578902594641,0.9508196721311475,0
0.994,0.9451494945149495,0.9456869009584664,0
0.995,0.9515608180839612,0.9543994861913937,0
0.996,0.9507346585998271,0.952258064516129,0
0.997,0.9408233276157805,0.9403553299492385,0
0.998,0.9459048446665218,0.952258064516129,0
0.999,0.9476843910806175,0.9521378430121251,0
1.0,0.9447104919460165,0.9514563106796117,0
