max_iter,train_F1,validation_F1,convergence_warnings
1000,0.959349593495935,0.9617346938775511,0
2000,0.959349593495935,0.9617346938775511,0
3000,0.959349593495935,0.9617346938775511,0
4000,0.959349593495935,0.9617346938775511,0
5000,0.959349593495935,0.9617346938775511,0
6000,0.959349593495935,0.9617346938775511,0
7000,0.959349593495935,0.9617346938775511,0
8000,0.959349593495935,0.9617346938775511,0
9000,0.959349593495935,0.9617346938775511,0
10000,0.959349593495935,0.9617346938775511,0
11000,0.959349593495935,0.9617346938775511,0
12000,0.959349593495935,0.9617346938775511,0
13000,0.959349593495935,0.9617346938775511,0
14000,0.959349593495935,0.9617346938775511,0
15000,0.959349593495935,0.9617346938775511,0
16000,0.959349593495935,0.9617346938775511,0
17000,0.959349593495935,0.9617346938775511,0
18000,0.959349593495935,0.9617346938775511,0
19000,0.959349593495935,0.9617346938775511,0
20000,0.959349593495935,0.9617346938775511,0
21000,0.959349593495935,0.9617346938775511,0
22000,0.959349593495935,0.9617346938775511,0
23000,0.959349593495935,0.9617346938775511,0
24000,0.959349593495935,0.9617346938775511,0
25000,0.959349593495935,0.9617346938775511,0
26000,0.959349593495935,0.9617346938775511,0
27000,0.959349593495935,0.9617346938775511,0
28000,0.959349593495935,0.9617346938775511,0
29000,0.959349593495935,0.9617346938775511,0
30000,0.959349593495935,0.9617346938775511,0
31000,0.959349593495935,0.9617346938775511,0
32000,0.959349593495935,0.9617346938775511,0
33000,0.959349593495935,0.9617346938775511,0
34000,0.959349593495935,0.9617346938775511,0
35000,0.959349593495935,0.9617346938775511,0
36000,0.959349593495935,0.9617346938775511,0
37000,0.959349593495935,0.9617346938775511,0
38000,0.959349593495935,0.9617346938775511,0
39000,0.959349593495935,0.9617346938775511,0
40000,0.959349593495935,0.9617346938775511,0
41000,0.959349593495935,0.9617346938775511,0
42000,0.959349593495935,0.9617346938775511,0
43000,0.959349593495935,0.9617346938775511,0
44000,0.959349593495935,0.9617346938775511,0
45000,0.959349593495935,0.9617346938775511,0
46000,0.959349593495935,0.9617346938775511,0
47000,0.959349593495935,0.9617346938775511,0
48000,0.959349593495935,0.9617346938775511,0
49000,0.959349593495935,0.9617346938775511,0
50000,0.959349593495935,0.9617346938775511,0
51000,0.959349593495935,0.9617346938775511,0
52000,0.959349593495935,0.9617346938775511,0
53000,0.959349593495935,0.9617346938775511,0
54000,0.959349593495935,0.9617346938775511,0
55000,0.959349593495935,0.9617346938775511,0
56000,0.959349593495935,0.9617346938775511,0
57000,0.959349593495935,0.9617346938775511,0
58000,0.959349593495935,0.9617346938775511,0
59000,0.959349593495935,0.9617346938775511,0
60000,0.959349593495935,0.9617346938775511,0
61000,0.959349593495935,0.9617346938775511,0
62000,0.959349593495935,0.9617346938775511,0
63000,0.959349593495935,0.9617346938775511,0
64000,0.959349593495935,0.9617346938775511,0
65000,0.959349593495935,0.9617346938775511,0
66000,0.959349593495935,0.9617346938775511,0
67000,0.959349593495935,0.9617346938775511,0
68000,0.959349593495935,0.9617346938775511,0
69000,0.959349593495935,0.9617346938775511,0
70000,0.959349593495935,0.9617346938775511,0
71000,0.959349593495935,0.9617346938775511,0
72000,0.959349593495935,0.9617346938775511,0
73000,0.959349593495935,0.9617346938775511,0
74000,0.959349593495935,0.9617346938775511,0
75000,0.959349593495935,0.9617346938775511,0
76000,0.959349593495935,0.9617346938775511,0
77000,0.959349593495935,0.9617346938775511,0
78000,0.959349593495935,0.9617346938775511,0
79000,0.959349593495935,0.9617346938775511,0
80000,0.959349593495935,0.9617346938775511,0
81000,0.959349593495935,0.9617346938775511,0
82000,0.959349593495935,0.9617346938775511,0
83000,0.959349593495935,0.9617346938775511,0
84000,0.959349593495935,0.9617346938775511,0
85000,0.959349593495935,0.9617346938775511,0
86000,0.959349593495935,0.9617346938775511,0
87000,0.959349593495935,0.9617346938775511,0
88000,0.959349593495935,0.9617346938775511,0
89000,0.959349593495935,0.9617346938775511,0
90000,0.959349593495935,0.9617346938775511,0
91000,0.959349593495935,0.9617346938775511,0
92000,0.959349593495935,0.9617346938775511,0
93000,0.959349593495935,0.9617346938775511,0
94000,0.959349593495935,0.9617346938775511,0
95000,0.959349593495935,0.9617346938775511,0
96000,0.959349593495935,0.9617346938775511,0
97000,0.959349593495935,0.9617346938775511,0
98000,0.959349593495935,0.9617346938775511,0
99000,0.959349593495935,0.9617346938775511,0
100000,0.959349593495935,0.9617346938775511,0
